EXAMPLE_ID,RANK_1,RANK_2,RANK_3,RANK_4,RANK_5
valid_0001,DEPOSIT METAL SEED,DEPOSIT TUNGSTEN SEED,POLYSILICON ANNEAL,BACKSIDE RINSE,GATE OXIDE PREP
valid_0002,CLEAN PAD OPENING,BACKSIDE ETCH CLEAN,PASSIVATION ETCH PAD OPENING,PASSIVATION ETCH,BACKSIDE ANNEAL
valid_0003,MEASURE VIA CD,DEPOSIT BARRIER METAL,DENSIFY OXIDE,DRY WAFER,DENSIFY DIELECTRIC
valid_0004,PASSIVATION ETCH PAD OPENING,PASSIVATION ETCH,METAL PATTERN INSPECTION,VIA INSPECTION,VIA OPENING INSPECTION
valid_0005,MEASURE VIA CD,DEPOSIT BARRIER METAL,DENSIFY OXIDE,DENSIFY DIELECTRIC,DRY WAFER
valid_0006,PASSIVATION ETCH PAD OPENING,PASSIVATION ETCH,VIA INSPECTION,VIA OPENING INSPECTION,FIELD PATTERN INSPECTION
valid_0007,MEASURE VIA CD,DEPOSIT BARRIER METAL,DENSIFY OXIDE,DRY WAFER,DENSIFY DIELECTRIC
valid_0008,PASSIVATION ETCH PAD OPENING,PASSIVATION ETCH,CLEAN PAD OPENING,VIA INSPECTION,VIA OPENING INSPECTION
valid_0009,MEASURE VIA CD,DEPOSIT BARRIER METAL,DENSIFY OXIDE,DRY WAFER,DENSIFY DIELECTRIC
valid_0010,STRIP RESIST,STRIP PHOTORESIST,STRIP RESIST LEVEL 2,HARD BAKE,WAFER SORT TEST
valid_0011,MEASURE VIA CD,DEPOSIT BARRIER METAL,DRY WAFER,DENSIFY OXIDE,DENSIFY DIELECTRIC
valid_0012,PASSIVATION ETCH PAD OPENING,PASSIVATION ETCH,CLEAN PAD OPENING,VIA OPENING INSPECTION,VIA INSPECTION
valid_0013,MEASURE VIA CD,DEPOSIT BARRIER METAL,DRY WAFER,DENSIFY OXIDE,DENSIFY DIELECTRIC
valid_0014,STRIP RESIST,STRIP PHOTORESIST,STRIP RESIST LEVEL 2,HARD BAKE,WAFER SORT TEST
valid_0015,MEASURE VIA CD,DEPOSIT BARRIER METAL,DRY WAFER,DENSIFY OXIDE,DENSIFY DIELECTRIC
valid_0016,STRIP RESIST,STRIP PHOTORESIST,STRIP RESIST LEVEL 2,HARD BAKE,FIELD OXIDE ETCH
valid_0017,CLEAN AFTER VIA ETCH,VIA ETCH,DIELECTRIC ETCH VIA,VIA ETCH THROUGH DIELECTRIC,CLEAN AFTER ETCH
valid_0018,PASSIVATION ETCH PAD OPENING,PASSIVATION ETCH,VIA OPENING INSPECTION,CLEAN PAD OPENING,VIA INSPECTION
valid_0019,DEPOSIT BARRIER METAL,MEASURE VIA CD,CMP INTERLAYER DIELECTRIC,CMP DIELECTRIC,POST EXPOSE BAKE
valid_0020,STRIP RESIST,STRIP PHOTORESIST,STRIP RESIST LEVEL 2,HARD BAKE,WAFER SORT TEST
valid_0021,CLEAN AFTER VIA ETCH,VIA ETCH,DIELECTRIC ETCH VIA,CLEAN AFTER FIELD ETCH,VIA ETCH THROUGH DIELECTRIC
valid_0022,DEVELOP PAD WINDOW,DEVELOP PHOTORESIST,POST EXPOSE BAKE,PRE ANNEAL CHECK,HARD BAKE
valid_0023,CLEAN AFTER VIA ETCH,VIA OPENING INSPECTION,VIA INSPECTION,CLEAN AFTER POLY ETCH,VIA ETCH
valid_0024,PASSIVATION ETCH PAD OPENING,PASSIVATION ETCH,VIA INSPECTION,VIA OPENING INSPECTION,METAL PATTERN INSPECTION
valid_0025,CLEAN AFTER VIA ETCH,CLEAN AFTER POLY ETCH,VIA ETCH,VIA OPENING INSPECTION,VIA INSPECTION
valid_0026,DEVELOP PAD WINDOW,DEVELOP PHOTORESIST,POST EXPOSE BAKE,PRE ANNEAL CHECK,HARD BAKE
valid_0027,STRIP PHOTORESIST,STRIP RESIST,STRIP RESIST LEVEL 2,HARD BAKE,DEPOSIT INTERLEVEL DIELECTRIC
valid_0028,OPEN PAD WINDOW LITHO,PAD WINDOW LITHO,DEPOSIT INTERLEVEL DIELECTRIC,MEASURE PASSIVATION THICKNESS,MEASURE PASSIVATION QUALITY
valid_0029,STRIP RESIST,STRIP PHOTORESIST,STRIP RESIST LEVEL 2,HARD BAKE,WAFER SORT TEST
valid_0030,DEVELOP PAD WINDOW,DEVELOP PHOTORESIST,POST EXPOSE BAKE,HARD BAKE,PRE ANNEAL CHECK
valid_0031,MEASURE VIA CD,DEPOSIT BARRIER METAL,DRY WAFER,DENSIFY OXIDE,DENSIFY DIELECTRIC
valid_0032,STRIP RESIST,STRIP PHOTORESIST,STRIP RESIST LEVEL 2,HARD BAKE,SPIN COAT PHOTORESIST
valid_0033,FILL VIA METAL,FILL VIA TUNGSTEN,DEPOSIT METAL SEED,FINAL CLEAN,CMP VIA FILL
valid_0034,STRIP PHOTORESIST,STRIP RESIST,STRIP RESIST LEVEL 2,HARD BAKE,METAL ETCH DRY
valid_0035,DEPOSIT BARRIER METAL,MEASURE VIA CD,DRY WAFER,CLEAN AFTER VIA ETCH,DIELECTRIC ETCH VIA
valid_0036,CLEAN PAD OPENING,BACKSIDE ETCH CLEAN,CLEAN AFTER VIA ETCH,BACKSIDE ANNEAL,CLEAN AFTER METAL ETCH
valid_0037,MEASURE VIA CD,DEPOSIT BARRIER METAL,DENSIFY OXIDE,DENSIFY DIELECTRIC,DRY WAFER
valid_0038,STRIP RESIST,STRIP PHOTORESIST,STRIP RESIST LEVEL 2,HARD BAKE,WAFER SORT TEST
valid_0039,CMP VIA FILL,CMP METAL,VIA ETCH THROUGH DIELECTRIC,VIA ETCH,DIELECTRIC ETCH VIA
valid_0040,MEASURE PAD OPENING,DEVELOP PHOTORESIST,METAL ETCH,HARD BAKE,WAFER SURFACE CLEAN
valid_0041,MEASURE VIA CD,DEPOSIT BARRIER METAL,DRY WAFER,DENSIFY OXIDE,DENSIFY DIELECTRIC
valid_0042,DEVELOP PAD WINDOW,DEVELOP PHOTORESIST,POST EXPOSE BAKE,PRE ANNEAL CHECK,HARD BAKE
valid_0043,MEASURE VIA CD,DEPOSIT BARRIER METAL,DRY WAFER,DENSIFY OXIDE,DENSIFY DIELECTRIC
valid_0044,PASSIVATION ETCH PAD OPENING,PASSIVATION ETCH,VIA OPENING INSPECTION,VIA INSPECTION,CLEAN PAD OPENING
valid_0045,MEASURE VIA CD,DEPOSIT BARRIER METAL,DENSIFY OXIDE,DRY WAFER,DENSIFY DIELECTRIC
valid_0046,PASSIVATION ETCH PAD OPENING,PASSIVATION ETCH,VIA OPENING INSPECTION,VIA INSPECTION,YIELD ANALYSIS
valid_0047,DEPOSIT METAL SEED,POLYSILICON ANNEAL,BACKSIDE GRIND,FILL VIA METAL,MEASURE BACKSIDE CONTACT
valid_0048,STRIP PHOTORESIST,STRIP RESIST,STRIP RESIST LEVEL 2,HARD BAKE,DEPOSIT INTERLEVEL DIELECTRIC
valid_0049,DEPOSIT BARRIER METAL,MEASURE VIA CD,CLEAN AFTER VIA ETCH,MEASURE PAD OPENING,POST EXPOSE BAKE
valid_0050,PASSIVATION ETCH PAD OPENING,PASSIVATION ETCH,VIA INSPECTION,VIA OPENING INSPECTION,METAL PATTERN INSPECTION
valid_0051,DEPOSIT BARRIER METAL,MEASURE VIA CD,POST EXPOSE BAKE,CMP INTERLAYER DIELECTRIC,CMP DIELECTRIC
valid_0052,STRIP RESIST,STRIP PHOTORESIST,STRIP RESIST LEVEL 2,HARD BAKE,WAFER SORT TEST
valid_0053,CLEAN AFTER VIA ETCH,CLEAN AFTER POLY ETCH,CLEAN AFTER FIELD ETCH,VIA ETCH,DIELECTRIC ETCH VIA
valid_0054,PASSIVATION ETCH PAD OPENING,PASSIVATION ETCH,VIA INSPECTION,VIA OPENING INSPECTION,POLYSILICON ETCH
valid_0055,DEPOSIT METAL SEED,BACKSIDE GRIND,DEPOSIT TUNGSTEN SEED,POLYSILICON ANNEAL,FILL VIA METAL
valid_0056,CLEAN PAD OPENING,BACKSIDE ETCH CLEAN,BACKSIDE ANNEAL,DEPOSIT BACKSIDE METAL,CLEAN AFTER FIELD ETCH
valid_0057,STRIP PHOTORESIST,STRIP RESIST,STRIP RESIST LEVEL 2,HARD BAKE,METAL ETCH DRY
valid_0058,STRIP PHOTORESIST,STRIP RESIST,STRIP RESIST LEVEL 2,HARD BAKE,MEASURE LINE WIDTH
valid_0059,MEASURE VIA CD,DEPOSIT BARRIER METAL,DRY WAFER,DENSIFY OXIDE,FINAL PARTICLE INSPECTION
valid_0060,PASSIVATION ETCH PAD OPENING,PASSIVATION ETCH,VIA OPENING INSPECTION,VIA INSPECTION,CLEAN PAD OPENING
valid_0061,DEPOSIT BARRIER METAL,MEASURE VIA CD,BACKSIDE CLEAN,POST EXPOSE BAKE,CMP INTERLAYER DIELECTRIC
valid_0062,DEVELOP PAD WINDOW,DEVELOP PHOTORESIST,POST EXPOSE BAKE,PRE ANNEAL CHECK,HARD BAKE
valid_0063,STRIP PHOTORESIST,STRIP RESIST,STRIP RESIST LEVEL 2,HARD BAKE,SPIN COAT PHOTORESIST
valid_0064,DEVELOP PAD WINDOW,DEVELOP PHOTORESIST,POST EXPOSE BAKE,PRE ANNEAL CHECK,HARD BAKE
valid_0065,MEASURE VIA CD,DEPOSIT BARRIER METAL,DENSIFY OXIDE,DRY WAFER,DENSIFY DIELECTRIC
valid_0066,PASSIVATION ETCH PAD OPENING,PASSIVATION ETCH,CLEAN PAD OPENING,FIELD PATTERN INSPECTION,YIELD ANALYSIS
valid_0067,CLEAN AFTER VIA ETCH,CLEAN AFTER POLY ETCH,VIA OPENING INSPECTION,VIA INSPECTION,CLEAN AFTER FIELD ETCH
valid_0068,STRIP RESIST,STRIP PHOTORESIST,STRIP RESIST LEVEL 2,HARD BAKE,SPIN COAT PHOTORESIST
valid_0069,CLEAN AFTER VIA ETCH,VIA OPENING INSPECTION,VIA INSPECTION,VIA ETCH,DIELECTRIC ETCH VIA
valid_0070,PASSIVATION ETCH PAD OPENING,PASSIVATION ETCH,VIA INSPECTION,VIA OPENING INSPECTION,METAL PATTERN INSPECTION
valid_0071,CLEAN AFTER VIA ETCH,CLEAN AFTER POLY ETCH,CLEAN AFTER FIELD ETCH,VIA ETCH,DIELECTRIC ETCH VIA
valid_0072,PASSIVATION ETCH PAD OPENING,PASSIVATION ETCH,VIA INSPECTION,VIA OPENING INSPECTION,METAL PATTERN INSPECTION
valid_0073,MEASURE VIA CD,DEPOSIT BARRIER METAL,DENSIFY OXIDE,DRY WAFER,DENSIFY DIELECTRIC
valid_0074,STRIP RESIST,STRIP PHOTORESIST,STRIP RESIST LEVEL 2,HARD BAKE,WAFER SORT TEST
valid_0075,MEASURE VIA CD,DEPOSIT BARRIER METAL,DRY WAFER,DENSIFY OXIDE,IMPLANT CHANNEL STOP
valid_0076,PASSIVATION ETCH PAD OPENING,PASSIVATION ETCH,METAL PATTERN INSPECTION,VIA OPENING INSPECTION,VIA INSPECTION
valid_0077,CLEAN AFTER VIA ETCH,CLEAN AFTER POLY ETCH,CLEAN AFTER ETCH,DEPOSIT BARRIER METAL,CLEAN AFTER METAL ETCH
valid_0078,STRIP RESIST,STRIP PHOTORESIST,STRIP RESIST LEVEL 2,HARD BAKE,METAL ETCH DRY
valid_0079,MEASURE VIA CD,DEPOSIT BARRIER METAL,DRY WAFER,DENSIFY OXIDE,DENSIFY DIELECTRIC
valid_0080,STRIP RESIST,STRIP PHOTORESIST,STRIP RESIST LEVEL 2,HARD BAKE,WAFER SORT TEST
valid_0081,DEPOSIT BARRIER METAL,MEASURE VIA CD,FINAL GEOMETRY CHECK,DEPOSIT POLYSILICON,POST EXPOSE BAKE
valid_0082,STRIP PHOTORESIST,STRIP RESIST,STRIP RESIST LEVEL 2,HARD BAKE,WAFER SORT TEST
valid_0083,STRIP RESIST,STRIP PHOTORESIST,STRIP RESIST LEVEL 2,HARD BAKE,SHIP LOT
valid_0084,PASSIVATION ETCH PAD OPENING,PASSIVATION ETCH,VIA INSPECTION,VIA OPENING INSPECTION,METAL PATTERN INSPECTION
valid_0085,MEASURE VIA CD,DEPOSIT BARRIER METAL,DRY WAFER,DENSIFY OXIDE,DENSIFY DIELECTRIC
valid_0086,CLEAN PAD OPENING,BACKSIDE ETCH CLEAN,PASSIVATION ETCH PAD OPENING,DEPOSIT BACKSIDE METAL,PASSIVATION ETCH
valid_0087,HARD BAKE,VIA ETCH THROUGH DIELECTRIC,DIELECTRIC ETCH VIA,VIA ETCH,POLYSILICON ETCH DRY
valid_0088,OPEN PAD WINDOW LITHO,PAD WINDOW LITHO,METAL PATTERN INSPECTION,SPIN COAT PHOTORESIST,MEASURE PASSIVATION THICKNESS
valid_0089,CLEAN AFTER VIA ETCH,CLEAN AFTER POLY ETCH,CLEAN AFTER FIELD ETCH,CLEAN AFTER ETCH,DEPOSIT BARRIER METAL
valid_0090,STRIP PHOTORESIST,STRIP RESIST,STRIP RESIST LEVEL 2,HARD BAKE,METAL ETCH DRY
valid_0091,MEASURE VIA CD,DEPOSIT BARRIER METAL,DRY WAFER,DENSIFY OXIDE,DENSIFY DIELECTRIC
valid_0092,DEVELOP PAD WINDOW,DEVELOP PHOTORESIST,POST EXPOSE BAKE,PRE ANNEAL CHECK,HARD BAKE
valid_0093,STRIP PHOTORESIST,STRIP RESIST,STRIP RESIST LEVEL 2,HARD BAKE,WAFER SORT TEST
valid_0094,STRIP PHOTORESIST,STRIP RESIST,STRIP RESIST LEVEL 2,HARD BAKE,DEPOSIT PASSIVATION
valid_0095,MEASURE VIA CD,DEPOSIT BARRIER METAL,DRY WAFER,DENSIFY OXIDE,DENSIFY DIELECTRIC
valid_0096,STRIP RESIST,STRIP PHOTORESIST,STRIP RESIST LEVEL 2,HARD BAKE,CMP VIA FILL
valid_0097,CLEAN AFTER VIA ETCH,CLEAN AFTER POLY ETCH,CLEAN AFTER FIELD ETCH,CLEAN AFTER ETCH,VIA OPENING INSPECTION
valid_0098,PASSIVATION ETCH PAD OPENING,PASSIVATION ETCH,METAL PATTERN INSPECTION,VIA OPENING INSPECTION,VIA INSPECTION
valid_0099,FILL VIA METAL,FILL VIA TUNGSTEN,DEPOSIT METAL SEED,MEASURE BACKSIDE CONTACT,FINAL CLEAN
valid_0100,CLEAN PAD OPENING,PASSIVATION ETCH PAD OPENING,BACKSIDE ETCH CLEAN,DEPOSIT BACKSIDE METAL,PASSIVATION ETCH
valid_0101,CLEAN AFTER VIA ETCH,DIELECTRIC ETCH VIA,VIA ETCH,VIA ETCH THROUGH DIELECTRIC,VIA OPENING INSPECTION
valid_0102,STRIP RESIST,STRIP PHOTORESIST,STRIP RESIST LEVEL 2,HARD BAKE,METAL ETCH DRY
valid_0103,DEPOSIT BARRIER METAL,MEASURE VIA CD,FINAL GEOMETRY CHECK,MEASURE PAD OPENING,CMP INTERLAYER DIELECTRIC
valid_0104,PASSIVATION ETCH PAD OPENING,PASSIVATION ETCH,CLEAN PAD OPENING,VIA OPENING INSPECTION,VIA INSPECTION
valid_0105,DEPOSIT BARRIER METAL,MEASURE VIA CD,STRIP PHOTORESIST,CMP INTERLAYER DIELECTRIC,STRIP RESIST
valid_0106,STRIP RESIST,STRIP PHOTORESIST,STRIP RESIST LEVEL 2,HARD BAKE,WAFER SORT TEST
valid_0107,DEPOSIT METAL SEED,HARD BAKE,MEASURE BACKSIDE CONTACT,POLYSILICON ANNEAL,LIGHT ANNEAL
valid_0108,PASSIVATION ETCH PAD OPENING,PASSIVATION ETCH,VIA OPENING INSPECTION,VIA INSPECTION,FIELD PATTERN INSPECTION
valid_0109,CLEAN AFTER VIA ETCH,CLEAN AFTER POLY ETCH,CLEAN AFTER FIELD ETCH,CLEAN AFTER ETCH,VIA OPENING INSPECTION
valid_0110,DEVELOP PAD WINDOW,DEVELOP PHOTORESIST,POST EXPOSE BAKE,PRE ANNEAL CHECK,HARD BAKE
valid_0111,CLEAN AFTER VIA ETCH,CLEAN AFTER POLY ETCH,CLEAN AFTER ETCH,CLEAN AFTER FIELD ETCH,VIA ETCH
valid_0112,STRIP RESIST,STRIP PHOTORESIST,STRIP RESIST LEVEL 2,HARD BAKE,WAFER SORT TEST
valid_0113,MEASURE VIA CD,DEPOSIT BARRIER METAL,DRY WAFER,DENSIFY OXIDE,DENSIFY DIELECTRIC
valid_0114,CLEAN PAD OPENING,BACKSIDE ANNEAL,BACKSIDE ETCH CLEAN,PASSIVATION ETCH PAD OPENING,PASSIVATION ETCH
valid_0115,MEASURE VIA CD,DEPOSIT BARRIER METAL,DRY WAFER,DENSIFY OXIDE,DENSIFY DIELECTRIC
valid_0116,STRIP PHOTORESIST,STRIP RESIST,STRIP RESIST LEVEL 2,HARD BAKE,METAL ETCH DRY
valid_0117,CLEAN AFTER VIA ETCH,VIA OPENING INSPECTION,VIA INSPECTION,VIA ETCH,DIELECTRIC ETCH VIA
valid_0118,PASSIVATION ETCH PAD OPENING,PASSIVATION ETCH,VIA INSPECTION,VIA OPENING INSPECTION,METAL PATTERN INSPECTION
valid_0119,DEPOSIT BARRIER METAL,MEASURE VIA CD,CMP INTERLAYER DIELECTRIC,CMP DIELECTRIC,POST EXPOSE BAKE
valid_0120,CLEAN PAD OPENING,BACKSIDE ETCH CLEAN,DEPOSIT BACKSIDE METAL,CLEAN AFTER FIELD ETCH,PASSIVATION ETCH PAD OPENING
valid_0121,MEASURE VIA CD,DEPOSIT BARRIER METAL,DRY WAFER,DENSIFY OXIDE,DENSIFY DIELECTRIC
valid_0122,PASSIVATION ETCH PAD OPENING,PASSIVATION ETCH,YIELD ANALYSIS,VIA INSPECTION,VIA OPENING INSPECTION
valid_0123,FILL VIA METAL,MEASURE BACKSIDE CONTACT,ANNEAL METAL 1,ANNEAL METAL,FILL VIA TUNGSTEN
valid_0124,CLEAN PAD OPENING,BACKSIDE ETCH CLEAN,BACKSIDE ANNEAL,DEPOSIT BACKSIDE METAL,CLEAN AFTER VIA ETCH
valid_0125,MEASURE VIA CD,DEPOSIT BARRIER METAL,DRY WAFER,DENSIFY OXIDE,DENSIFY DIELECTRIC
valid_0126,STRIP RESIST,STRIP PHOTORESIST,STRIP RESIST LEVEL 2,HARD BAKE,WAFER SORT TEST
valid_0127,CLEAN AFTER VIA ETCH,CLEAN AFTER ETCH,VIA OPENING INSPECTION,VIA INSPECTION,CLEAN AFTER FIELD ETCH
valid_0128,STRIP RESIST,STRIP PHOTORESIST,STRIP RESIST LEVEL 2,HARD BAKE,WAFER SORT TEST
valid_0129,HARD BAKE,VIA ETCH THROUGH DIELECTRIC,DIELECTRIC ETCH VIA,VIA ETCH,OXIDE ETCH
valid_0130,DEVELOP PAD WINDOW,DEVELOP PHOTORESIST,POST EXPOSE BAKE,PRE ANNEAL CHECK,HARD BAKE
valid_0131,DEPOSIT METAL SEED,DEPOSIT TUNGSTEN SEED,POLYSILICON ANNEAL,MEASURE BACKSIDE CONTACT,BACKSIDE GRIND
valid_0132,CLEAN PAD OPENING,BACKSIDE ETCH CLEAN,DEPOSIT BACKSIDE METAL,BACKSIDE ANNEAL,CLEAN AFTER WINDOW ETCH
valid_0133,DEPOSIT METAL SEED,MEASURE BACKSIDE CONTACT,POLYSILICON ANNEAL,FILL VIA METAL,FRONTSIDE CLEAN
valid_0134,CLEAN PAD OPENING,CLEAN AFTER VIA ETCH,DEPOSIT BACKSIDE METAL,BACKSIDE ANNEAL,BACKSIDE ETCH CLEAN
valid_0135,DEPOSIT METAL SEED,DEPOSIT TUNGSTEN SEED,POLYSILICON ANNEAL,BACKSIDE RINSE,BACKSIDE GRIND
valid_0136,CLEAN PAD OPENING,BACKSIDE ETCH CLEAN,BACKSIDE ANNEAL,DEPOSIT BACKSIDE METAL,CLEAN AFTER VIA ETCH
valid_0137,MEASURE VIA CD,DEPOSIT BARRIER METAL,DENSIFY OXIDE,DRY WAFER,DENSIFY DIELECTRIC
valid_0138,PASSIVATION ETCH PAD OPENING,PASSIVATION ETCH,VIA INSPECTION,VIA OPENING INSPECTION,FIELD PATTERN INSPECTION
valid_0139,CLEAN AFTER VIA ETCH,CLEAN AFTER FIELD ETCH,CLEAN AFTER ETCH,VIA ETCH,CLEAN AFTER POLY ETCH
valid_0140,STRIP RESIST,STRIP PHOTORESIST,STRIP RESIST LEVEL 2,HARD BAKE,METAL ETCH DRY
valid_0141,DEPOSIT BARRIER METAL,MEASURE VIA CD,POST EXPOSE BAKE,RAPID THERMAL ANNEAL,DEPOSIT POLYSILICON
valid_0142,STRIP PHOTORESIST,STRIP RESIST,STRIP RESIST LEVEL 2,HARD BAKE,METAL ETCH DRY
valid_0143,DEPOSIT METAL SEED,DEPOSIT TUNGSTEN SEED,MEASURE BACKSIDE CONTACT,POLYSILICON ANNEAL,FILL VIA METAL
valid_0144,PASSIVATION ETCH PAD OPENING,PASSIVATION ETCH,CLEAN PAD OPENING,FIELD PATTERN INSPECTION,BACKSIDE ANNEAL
valid_0145,MEASURE VIA CD,DEPOSIT BARRIER METAL,DENSIFY OXIDE,DRY WAFER,DENSIFY DIELECTRIC
valid_0146,PASSIVATION ETCH PAD OPENING,PASSIVATION ETCH,METAL PATTERN INSPECTION,VIA OPENING INSPECTION,VIA INSPECTION
valid_0147,MEASURE VIA CD,DEPOSIT BARRIER METAL,DRY WAFER,DENSIFY OXIDE,DENSIFY DIELECTRIC
valid_0148,STRIP RESIST,STRIP PHOTORESIST,STRIP RESIST LEVEL 2,HARD BAKE,WAFER SORT TEST
valid_0149,MEASURE VIA CD,DEPOSIT BARRIER METAL,DRY WAFER,DENSIFY DIELECTRIC,DENSIFY OXIDE
valid_0150,STRIP RESIST,STRIP PHOTORESIST,STRIP RESIST LEVEL 2,HARD BAKE,METAL ETCH DRY
valid_0151,MEASURE VIA CD,DEPOSIT BARRIER METAL,DRY WAFER,DENSIFY OXIDE,DENSIFY DIELECTRIC
valid_0152,DEVELOP PAD WINDOW,DEVELOP PHOTORESIST,POST EXPOSE BAKE,PRE ANNEAL CHECK,HARD BAKE
valid_0153,MEASURE VIA CD,DEPOSIT BARRIER METAL,DRY WAFER,DENSIFY OXIDE,DENSIFY DIELECTRIC
valid_0154,DEVELOP PAD WINDOW,DEVELOP PHOTORESIST,POST EXPOSE BAKE,PRE ANNEAL CHECK,HARD BAKE
valid_0155,CLEAN AFTER VIA ETCH,CLEAN AFTER POLY ETCH,CLEAN AFTER FIELD ETCH,VIA OPENING INSPECTION,VIA INSPECTION
valid_0156,STRIP RESIST,STRIP PHOTORESIST,STRIP RESIST LEVEL 2,HARD BAKE,DENSIFY OXIDE
valid_0157,DEPOSIT BARRIER METAL,MEASURE VIA CD,DENSIFY DIELECTRIC,DRY WAFER,BACKSIDE CLEAN
valid_0158,PASSIVATION ETCH PAD OPENING,PASSIVATION ETCH,VIA OPENING INSPECTION,VIA INSPECTION,CLEAN PAD OPENING
valid_0159,MEASURE VIA CD,DEPOSIT BARRIER METAL,DENSIFY OXIDE,DRY WAFER,DENSIFY DIELECTRIC
valid_0160,STRIP RESIST,STRIP PHOTORESIST,STRIP RESIST LEVEL 2,HARD BAKE,WAFER SORT TEST
valid_0161,STRIP PHOTORESIST,STRIP RESIST,STRIP RESIST LEVEL 2,HARD BAKE,SPIN COAT PHOTORESIST
valid_0162,DEVELOP PAD WINDOW,DEVELOP PHOTORESIST,POST EXPOSE BAKE,PRE ANNEAL CHECK,HARD BAKE
valid_0163,MEASURE VIA CD,DEPOSIT BARRIER METAL,DRY WAFER,DENSIFY OXIDE,DENSIFY DIELECTRIC
valid_0164,STRIP RESIST,STRIP PHOTORESIST,STRIP RESIST LEVEL 2,HARD BAKE,WAFER SORT TEST
valid_0165,MEASURE VIA CD,DEPOSIT BARRIER METAL,DENSIFY OXIDE,DRY WAFER,DENSIFY DIELECTRIC
valid_0166,STRIP PHOTORESIST,STRIP RESIST,STRIP RESIST LEVEL 2,HARD BAKE,DEPOSIT INTERLEVEL DIELECTRIC
valid_0167,DEPOSIT BARRIER METAL,MEASURE VIA CD,DRY WAFER,POST EXPOSE BAKE,DEPOSIT POLYSILICON
valid_0168,CLEAN PAD OPENING,PASSIVATION ETCH PAD OPENING,PASSIVATION ETCH,BACKSIDE ETCH CLEAN,DEPOSIT BACKSIDE METAL
valid_0169,STRIP RESIST,STRIP PHOTORESIST,STRIP RESIST LEVEL 2,HARD BAKE,SPIN COAT PHOTORESIST
valid_0170,STRIP RESIST,STRIP PHOTORESIST,STRIP RESIST LEVEL 2,HARD BAKE,DENSIFY OXIDE
valid_0171,DEPOSIT METAL SEED,DEPOSIT TUNGSTEN SEED,POLYSILICON ANNEAL,BACKSIDE RINSE,LIGHT ANNEAL
valid_0172,STRIP PHOTORESIST,STRIP RESIST,STRIP RESIST LEVEL 2,HARD BAKE,METAL ETCH DRY
valid_0173,MEASURE VIA CD,DEPOSIT BARRIER METAL,DENSIFY OXIDE,DRY WAFER,DENSIFY DIELECTRIC
valid_0174,PASSIVATION ETCH PAD OPENING,PASSIVATION ETCH,CLEAN PAD OPENING,FIELD PATTERN INSPECTION,VIA OPENING INSPECTION
valid_0175,MEASURE VIA CD,DEPOSIT BARRIER METAL,DRY WAFER,DENSIFY OXIDE,DENSIFY DIELECTRIC
valid_0176,STRIP RESIST,STRIP PHOTORESIST,STRIP RESIST LEVEL 2,HARD BAKE,WAFER SORT TEST
valid_0177,DEPOSIT METAL SEED,HARD BAKE,MEASURE BACKSIDE CONTACT,LIGHT ANNEAL,FILL VIA METAL
valid_0178,STRIP PHOTORESIST,STRIP RESIST,STRIP RESIST LEVEL 2,HARD BAKE,METAL ETCH DRY
valid_0179,FILL VIA METAL,DIELECTRIC ETCH VIA,VIA ETCH THROUGH DIELECTRIC,DEPOSIT METAL SEED,FILL VIA TUNGSTEN
valid_0180,MEASURE PAD OPENING,DEVELOP PHOTORESIST,DEPOSIT BARRIER METAL,HARD BAKE,METAL ETCH
valid_0181,STRIP PHOTORESIST,STRIP RESIST,STRIP RESIST LEVEL 2,HARD BAKE,SPIN COAT PHOTORESIST
valid_0182,DEVELOP PAD WINDOW,DEVELOP PHOTORESIST,POST EXPOSE BAKE,PRE ANNEAL CHECK,HARD BAKE
valid_0183,DEPOSIT BARRIER METAL,MEASURE VIA CD,CMP INTERLAYER DIELECTRIC,POST EXPOSE BAKE,BACKSIDE CLEAN
valid_0184,STRIP RESIST,STRIP PHOTORESIST,STRIP RESIST LEVEL 2,HARD BAKE,WAFER SORT TEST
valid_0185,DEPOSIT BARRIER METAL,MEASURE VIA CD,BACKSIDE CLEAN,CMP INTERLAYER DIELECTRIC,DRY WAFER
valid_0186,STRIP PHOTORESIST,STRIP RESIST,STRIP RESIST LEVEL 2,HARD BAKE,METAL ETCH DRY
valid_0187,STRIP PHOTORESIST,STRIP RESIST,STRIP RESIST LEVEL 2,HARD BAKE,METAL ETCH DRY
valid_0188,STRIP PHOTORESIST,STRIP RESIST,STRIP RESIST LEVEL 2,HARD BAKE,DEPOSIT INTERLEVEL DIELECTRIC
valid_0189,MEASURE VIA CD,DEPOSIT BARRIER METAL,DRY WAFER,DENSIFY OXIDE,DENSIFY DIELECTRIC
valid_0190,PASSIVATION ETCH PAD OPENING,PASSIVATION ETCH,VIA OPENING INSPECTION,VIA INSPECTION,YIELD ANALYSIS
valid_0191,VIA ETCH THROUGH DIELECTRIC,DIELECTRIC ETCH VIA,VIA ETCH,HARD BAKE,OXIDE ETCH
valid_0192,STRIP PHOTORESIST,STRIP RESIST,STRIP RESIST LEVEL 2,HARD BAKE,MEASURE LINE WIDTH
valid_0193,CLEAN AFTER VIA ETCH,CLEAN AFTER POLY ETCH,CLEAN AFTER ETCH,DEPOSIT BARRIER METAL,CLEAN AFTER METAL ETCH
valid_0194,PASSIVATION ETCH PAD OPENING,PASSIVATION ETCH,FIELD PATTERN INSPECTION,CLEAN PAD OPENING,METAL PATTERN INSPECTION
valid_0195,MEASURE VIA CD,DEPOSIT BARRIER METAL,DRY WAFER,DENSIFY OXIDE,DENSIFY DIELECTRIC
valid_0196,CLEAN PAD OPENING,DEPOSIT BACKSIDE METAL,CLEAN AFTER VIA ETCH,PASSIVATION ETCH PAD OPENING,BACKSIDE ETCH CLEAN
valid_0197,STRIP PHOTORESIST,STRIP RESIST,STRIP RESIST LEVEL 2,HARD BAKE,SPIN COAT PHOTORESIST
valid_0198,STRIP RESIST,STRIP PHOTORESIST,STRIP RESIST LEVEL 2,HARD BAKE,WAFER SORT TEST
valid_0199,MEASURE VIA CD,DEPOSIT BARRIER METAL,DENSIFY OXIDE,DENSIFY DIELECTRIC,DRY WAFER
valid_0200,STRIP RESIST,STRIP PHOTORESIST,STRIP RESIST LEVEL 2,HARD BAKE,WAFER SORT TEST
valid_0201,CMP DIELECTRIC,CMP INTERLAYER DIELECTRIC,SPIN COAT PHOTORESIST,HARD BAKE,DEPOSIT BARRIER METAL
valid_0202,DEPOSIT PASSIVATION LAYER,DEPOSIT PASSIVATION,MEASURE LINE WIDTH,SPIN COAT PHOTORESIST,MEASURE OPENING CD
valid_0203,SPIN COAT PHOTORESIST,MEASURE POLY THICKNESS,MEASURE METAL THICKNESS,MEASURE FILM THICKNESS,DEPOSIT INTERLAYER DIELECTRIC
valid_0204,DEPOSIT PASSIVATION LAYER,DEPOSIT PASSIVATION,MEASURE LINE WIDTH,CURE PASSIVATION,MEASURE OPENING CD
valid_0205,SPIN COAT PHOTORESIST,MEASURE METAL THICKNESS,MEASURE POLY THICKNESS,MEASURE FILM THICKNESS,PRE ANNEAL CHECK
valid_0206,CURE PASSIVATION,CLEAN AFTER METAL ETCH,LEAKAGE TEST,OPEN PAD WINDOW,OPEN BOND PAD WINDOW
valid_0207,CMP DIELECTRIC,CMP INTERLAYER DIELECTRIC,HARD BAKE,IMPLANT CHANNEL STOP,DEPOSIT BARRIER METAL
valid_0208,DEPOSIT PASSIVATION LAYER,DEPOSIT PASSIVATION,MEASURE LINE WIDTH,DEPOSIT BARRIER METAL,YIELD ANALYSIS
valid_0209,CMP DIELECTRIC,CMP INTERLAYER DIELECTRIC,HARD BAKE,CLEAN AFTER METAL ETCH,FINAL CLEAN
valid_0210,DEPOSIT PASSIVATION LAYER,DEPOSIT PASSIVATION,MEASURE LINE WIDTH,DEPOSIT BARRIER METAL,YIELD ANALYSIS
valid_0211,MEASURE PLANARITY,MEASURE SURFACE PLANARITY,DENSIFY OXIDE,DENSIFY DIELECTRIC,ANNEAL METAL
valid_0212,DEPOSIT PASSIVATION LAYER,DEPOSIT PASSIVATION,MEASURE LINE WIDTH,DEPOSIT BARRIER METAL,CURE PASSIVATION
valid_0213,SPIN COAT PHOTORESIST,MEASURE POLY THICKNESS,MEASURE METAL THICKNESS,MEASURE FILM THICKNESS,PRE ANNEAL CHECK
valid_0214,CURE PASSIVATION,CLEAN AFTER METAL ETCH,LEAKAGE TEST,OPEN PAD WINDOW,OPEN BOND PAD WINDOW
valid_0215,MEASURE PLANARITY,MEASURE SURFACE PLANARITY,DENSIFY OXIDE,ANNEAL METAL,ANNEAL METAL 1
valid_0216,MEASURE PASSIVATION QUALITY,MEASURE PASSIVATION THICKNESS,OPEN PAD WINDOW LITHO,PAD WINDOW LITHO,CURE PASSIVATION
valid_0217,CMP DIELECTRIC,CMP INTERLAYER DIELECTRIC,HARD BAKE,MEASURE SHEET RESISTANCE,DENSIFY OXIDE
valid_0218,MEASURE LINE WIDTH,DEPOSIT PASSIVATION LAYER,DEPOSIT PASSIVATION,SHIP LOT,SUBSTRATE CHECK
valid_0219,SOFT BAKE,ANNEAL METAL 1,ANNEAL METAL,FINAL OXIDE CHECK,VIA ETCH THROUGH DIELECTRIC
valid_0220,MEASURE PASSIVATION QUALITY,MEASURE PASSIVATION THICKNESS,OPEN PAD WINDOW LITHO,CURE PASSIVATION,OPEN PAD WINDOW
valid_0221,MEASURE PLANARITY,MEASURE SURFACE PLANARITY,DENSIFY OXIDE,ANNEAL METAL,ANNEAL METAL 1
valid_0222,MEASURE PASSIVATION QUALITY,MEASURE PASSIVATION THICKNESS,CURE PASSIVATION,OPEN PAD WINDOW LITHO,PAD WINDOW LITHO
valid_0223,MEASURE PLANARITY,MEASURE SURFACE PLANARITY,DENSIFY OXIDE,ANNEAL METAL,ANNEAL METAL 1
valid_0224,CURE PASSIVATION,CLEAN AFTER METAL ETCH,LEAKAGE TEST,OPEN PAD WINDOW,OPEN BOND PAD WINDOW
valid_0225,SPIN COAT PHOTORESIST,MEASURE POLY THICKNESS,MEASURE METAL THICKNESS,MEASURE FILM THICKNESS,PRE ANNEAL CHECK
valid_0226,CURE PASSIVATION,CLEAN AFTER METAL ETCH,BACKSIDE ANNEAL,ANNEAL OXIDE,EPITAXIAL DEPOSITION
valid_0227,MEASURE FILM THICKNESS,MEASURE DIELECTRIC THICKNESS,SPIN COAT PHOTORESIST,MEASURE OXIDE THICKNESS,DEPOSIT INTERLEVEL DIELECTRIC
valid_0228,DEPOSIT PASSIVATION LAYER,DEPOSIT PASSIVATION,MEASURE LINE WIDTH,MEASURE OPENING CD,YIELD ANALYSIS
valid_0229,SPIN COAT PHOTORESIST,MEASURE POLY THICKNESS,MEASURE METAL THICKNESS,MEASURE FILM THICKNESS,PRE ANNEAL CHECK
valid_0230,CURE PASSIVATION,CLEAN AFTER METAL ETCH,METAL ETCH DRY,EXPOSE LITHO LEVEL 6,EXPOSE LITHO LEVEL 4
valid_0231,DENSIFY OXIDE,DENSIFY DIELECTRIC,HARD BAKE,CURE PASSIVATION,DEPOSIT INTERLAYER DIELECTRIC
valid_0232,MEASURE LINE WIDTH,DEPOSIT PASSIVATION LAYER,DEPOSIT PASSIVATION,SHIP LOT,CLEAN AFTER METAL ETCH
valid_0233,SOFT BAKE,ANNEAL METAL 1,ANNEAL METAL,CMP METAL,CMP VIA FILL
valid_0234,CURE PASSIVATION,CLEAN AFTER METAL ETCH,LEAKAGE TEST,OPEN PAD WINDOW,OPEN BOND PAD WINDOW
valid_0235,CMP DIELECTRIC,CMP INTERLAYER DIELECTRIC,IMPLANT CHANNEL STOP,DEPOSIT BARRIER METAL,HARD BAKE
valid_0236,MEASURE LINE WIDTH,DEPOSIT PASSIVATION LAYER,DEPOSIT PASSIVATION,CLEAN AFTER METAL ETCH,SHIP LOT
valid_0237,SPIN COAT PHOTORESIST,MEASURE POLY THICKNESS,MEASURE METAL THICKNESS,MEASURE FILM THICKNESS,DEPOSIT INTERLAYER DIELECTRIC
valid_0238,CURE PASSIVATION,CLEAN AFTER METAL ETCH,OPEN PAD WINDOW,OPEN BOND PAD WINDOW,IMPLANT WELL
valid_0239,MEASURE PLANARITY,MEASURE SURFACE PLANARITY,DENSIFY OXIDE,DENSIFY DIELECTRIC,ANNEAL METAL
valid_0240,CURE PASSIVATION,CLEAN AFTER METAL ETCH,DRY WAFER,BACKSIDE ANNEAL,SUBSTRATE CHECK
valid_0241,MEASURE FILM THICKNESS,MEASURE DIELECTRIC THICKNESS,SPIN COAT PHOTORESIST,MEASURE OXIDE THICKNESS,MEASURE POLY THICKNESS
valid_0242,CURE PASSIVATION,CLEAN AFTER METAL ETCH,DRY WAFER,DEPOSIT TUNGSTEN SEED,SUBSTRATE CHECK
valid_0243,CMP DIELECTRIC,CMP INTERLAYER DIELECTRIC,HARD BAKE,ANNEAL METAL 1,YIELD ANALYSIS
valid_0244,MEASURE LINE WIDTH,DEPOSIT PASSIVATION LAYER,DEPOSIT PASSIVATION,SHIP LOT,CLEAN AFTER METAL ETCH
valid_0245,SPIN COAT PHOTORESIST,MEASURE POLY THICKNESS,MEASURE METAL THICKNESS,MEASURE FILM THICKNESS,PRE ANNEAL CHECK
valid_0246,MEASURE PASSIVATION QUALITY,MEASURE PASSIVATION THICKNESS,CURE PASSIVATION,OPEN PAD WINDOW LITHO,OPEN PAD WINDOW
valid_0247,SPIN COAT PHOTORESIST,MEASURE POLY THICKNESS,MEASURE FILM THICKNESS,MEASURE METAL THICKNESS,PRE ANNEAL CHECK
valid_0248,CURE PASSIVATION,CLEAN AFTER METAL ETCH,DEPOSIT TUNGSTEN SEED,OPEN PAD WINDOW,DRY WAFER
valid_0249,SOFT BAKE,IMPLANT CHANNEL STOP,ANNEAL METAL 1,CLEAN AFTER FIELD ETCH,FINAL OXIDE CHECK
valid_0250,CURE PASSIVATION,CLEAN AFTER METAL ETCH,IMPLANT WELL,OPEN PAD WINDOW,DEPOSIT PASSIVATION LAYER
valid_0251,MEASURE PLANARITY,MEASURE SURFACE PLANARITY,DENSIFY OXIDE,MEASURE FILM THICKNESS,ANNEAL METAL
valid_0252,MEASURE PASSIVATION QUALITY,MEASURE PASSIVATION THICKNESS,CURE PASSIVATION,BACKSIDE ANNEAL,OPEN PAD WINDOW LITHO
valid_0253,SPIN COAT PHOTORESIST,MEASURE POLY THICKNESS,MEASURE METAL THICKNESS,MEASURE FILM THICKNESS,PRE ANNEAL CHECK
valid_0254,MEASURE PASSIVATION QUALITY,MEASURE PASSIVATION THICKNESS,CURE PASSIVATION,OPEN PAD WINDOW LITHO,WAFER SORT TEST
valid_0255,MEASURE PLANARITY,MEASURE SURFACE PLANARITY,DENSIFY OXIDE,DENSIFY DIELECTRIC,ANNEAL METAL
valid_0256,MEASURE PASSIVATION THICKNESS,MEASURE PASSIVATION QUALITY,CURE PASSIVATION,OPEN PAD WINDOW LITHO,MEASURE LINE WIDTH
valid_0257,SPIN COAT PHOTORESIST,MEASURE METAL THICKNESS,MEASURE POLY THICKNESS,MEASURE FILM THICKNESS,PRE ANNEAL CHECK
valid_0258,CURE PASSIVATION,CLEAN AFTER METAL ETCH,OPEN PAD WINDOW,BACKSIDE ANNEAL,DEPOSIT TUNGSTEN SEED
valid_0259,MEASURE PLANARITY,MEASURE SURFACE PLANARITY,DENSIFY OXIDE,ANNEAL METAL,ANNEAL METAL 1
valid_0260,CURE PASSIVATION,CLEAN AFTER METAL ETCH,LEAKAGE TEST,OPEN PAD WINDOW,OPEN BOND PAD WINDOW
valid_0261,MEASURE PLANARITY,MEASURE SURFACE PLANARITY,DENSIFY OXIDE,ANNEAL METAL,ANNEAL METAL 1
valid_0262,CURE PASSIVATION,CLEAN AFTER METAL ETCH,METAL ETCH DRY,OPEN PAD WINDOW,OPEN BOND PAD WINDOW
valid_0263,CMP DIELECTRIC,CMP INTERLAYER DIELECTRIC,HARD BAKE,DEVELOP PHOTORESIST,DEPOSIT BARRIER METAL
valid_0264,CURE PASSIVATION,CLEAN AFTER METAL ETCH,DEPOSIT TUNGSTEN SEED,BACKSIDE ANNEAL,EXPOSE LITHO LEVEL 6
valid_0265,MEASURE FILM THICKNESS,MEASURE DIELECTRIC THICKNESS,SPIN COAT PHOTORESIST,MEASURE OXIDE THICKNESS,DEPOSIT INTERLEVEL DIELECTRIC
valid_0266,CURE PASSIVATION,CLEAN AFTER METAL ETCH,MEASURE PASSIVATION THICKNESS,OPEN PAD WINDOW,OPEN BOND PAD WINDOW
valid_0267,SOFT BAKE,ANNEAL METAL 1,ANNEAL METAL,VIA ETCH THROUGH DIELECTRIC,CMP METAL
valid_0268,CURE PASSIVATION,CLEAN AFTER METAL ETCH,OPEN PAD WINDOW,OPEN BOND PAD WINDOW,METAL ETCH DRY
valid_0269,SPIN COAT PHOTORESIST,MEASURE POLY THICKNESS,MEASURE METAL THICKNESS,MEASURE FILM THICKNESS,DEPOSIT INTERLAYER DIELECTRIC
valid_0270,MEASURE PASSIVATION THICKNESS,MEASURE PASSIVATION QUALITY,CURE PASSIVATION,OPEN PAD WINDOW LITHO,WAFER SORT TEST
valid_0271,MEASURE PLANARITY,MEASURE SURFACE PLANARITY,DENSIFY OXIDE,DENSIFY DIELECTRIC,ANNEAL METAL 1
valid_0272,CURE PASSIVATION,CLEAN AFTER METAL ETCH,OPEN PAD WINDOW,OPEN BOND PAD WINDOW,IMPLANT WELL
valid_0273,MEASURE FILM THICKNESS,MEASURE DIELECTRIC THICKNESS,SPIN COAT PHOTORESIST,MEASURE OXIDE THICKNESS,DEPOSIT INTERLEVEL DIELECTRIC
valid_0274,DEPOSIT PASSIVATION LAYER,DEPOSIT PASSIVATION,MEASURE LINE WIDTH,MEASURE OPENING CD,SPIN COAT PHOTORESIST
valid_0275,SPIN COAT PHOTORESIST,MEASURE METAL THICKNESS,MEASURE POLY THICKNESS,MEASURE FILM THICKNESS,PRE ANNEAL CHECK
valid_0276,CURE PASSIVATION,CLEAN AFTER METAL ETCH,LEAKAGE TEST,MEASURE PASSIVATION THICKNESS,METAL ETCH DRY
valid_0277,SPIN COAT PHOTORESIST,MEASURE POLY THICKNESS,MEASURE FILM THICKNESS,MEASURE METAL THICKNESS,PRE ANNEAL CHECK
valid_0278,MEASURE PASSIVATION QUALITY,MEASURE PASSIVATION THICKNESS,CURE PASSIVATION,OPEN PAD WINDOW LITHO,FINAL PARTICLE INSPECTION
valid_0279,SPIN COAT PHOTORESIST,MEASURE POLY THICKNESS,MEASURE METAL THICKNESS,MEASURE FILM THICKNESS,DEPOSIT INTERLAYER DIELECTRIC
valid_0280,CURE PASSIVATION,CLEAN AFTER METAL ETCH,MEASURE PASSIVATION THICKNESS,IMPLANT WELL,MEASURE PASSIVATION QUALITY
valid_0281,DENSIFY OXIDE,DENSIFY DIELECTRIC,DEPOSIT INTERLAYER DIELECTRIC,DEPOSIT INTERLEVEL DIELECTRIC,HARD BAKE
valid_0282,CLEAN AFTER METAL ETCH,CLEAN PAD OPENING,CLEAN AFTER WINDOW ETCH,CLEAN AFTER OXIDE ETCH,CLEAN AFTER VIA ETCH
valid_0283,MEASURE PLANARITY,MEASURE SURFACE PLANARITY,DENSIFY OXIDE,ANNEAL METAL,ANNEAL METAL 1
valid_0284,CURE PASSIVATION,CLEAN AFTER METAL ETCH,LEAKAGE TEST,OPEN PAD WINDOW,OPEN BOND PAD WINDOW
valid_0285,MEASURE FILM THICKNESS,MEASURE DIELECTRIC THICKNESS,SPIN COAT PHOTORESIST,MEASURE OXIDE THICKNESS,MEASURE POLY THICKNESS
valid_0286,DEPOSIT PASSIVATION LAYER,DEPOSIT PASSIVATION,MEASURE LINE WIDTH,DEPOSIT BARRIER METAL,SPIN COAT PHOTORESIST
valid_0287,EXPOSE LITHO LEVEL 5,EXPOSE LITHO LEVEL 4,EXPOSE LITHO LEVEL 6,EXPOSE LITHO LEVEL 2,ALIGN MASK LEVEL 5
valid_0288,MEASURE PASSIVATION QUALITY,MEASURE PASSIVATION THICKNESS,CURE PASSIVATION,HARD BAKE,OPEN PAD WINDOW
valid_0289,SPIN COAT PHOTORESIST,MEASURE POLY THICKNESS,MEASURE METAL THICKNESS,MEASURE FILM THICKNESS,PRE ANNEAL CHECK
valid_0290,DEPOSIT PASSIVATION LAYER,DEPOSIT PASSIVATION,MEASURE LINE WIDTH,CURE PASSIVATION,SPIN COAT PHOTORESIST
valid_0291,SPIN COAT PHOTORESIST,MEASURE POLY THICKNESS,MEASURE METAL THICKNESS,MEASURE FILM THICKNESS,PRE ANNEAL CHECK
valid_0292,CURE PASSIVATION,CLEAN AFTER METAL ETCH,METAL ETCH DRY,MEASURE PASSIVATION THICKNESS,MEASURE PASSIVATION QUALITY
valid_0293,SPIN COAT PHOTORESIST,MEASURE POLY THICKNESS,MEASURE METAL THICKNESS,MEASURE FILM THICKNESS,PRE ANNEAL CHECK
valid_0294,DEPOSIT PASSIVATION LAYER,DEPOSIT PASSIVATION,MEASURE LINE WIDTH,SPIN COAT PHOTORESIST,MEASURE METAL THICKNESS
valid_0295,MEASURE PLANARITY,MEASURE SURFACE PLANARITY,DENSIFY OXIDE,DENSIFY DIELECTRIC,ANNEAL METAL
valid_0296,CURE PASSIVATION,CLEAN AFTER METAL ETCH,MEASURE PASSIVATION THICKNESS,EPITAXIAL DEPOSITION,OPEN PAD WINDOW
valid_0297,MEASURE FILM THICKNESS,MEASURE DIELECTRIC THICKNESS,SPIN COAT PHOTORESIST,MEASURE OXIDE THICKNESS,MEASURE POLY THICKNESS
valid_0298,MEASURE LINE WIDTH,DEPOSIT PASSIVATION LAYER,DEPOSIT PASSIVATION,CLEAN AFTER METAL ETCH,SHIP LOT
valid_0299,MEASURE PLANARITY,MEASURE SURFACE PLANARITY,DENSIFY OXIDE,ANNEAL METAL,ANNEAL METAL 1
valid_0300,CURE PASSIVATION,CLEAN AFTER METAL ETCH,LEAKAGE TEST,OPEN PAD WINDOW,METAL ETCH DRY
valid_0301,MEASURE PLANARITY,MEASURE SURFACE PLANARITY,DENSIFY OXIDE,DENSIFY DIELECTRIC,ANNEAL METAL
valid_0302,CURE PASSIVATION,CLEAN AFTER METAL ETCH,OPEN PAD WINDOW,OPEN BOND PAD WINDOW,EPITAXIAL DEPOSITION
valid_0303,MEASURE FILM THICKNESS,MEASURE DIELECTRIC THICKNESS,SPIN COAT PHOTORESIST,MEASURE OXIDE THICKNESS,MEASURE POLY THICKNESS
valid_0304,MEASURE LINE WIDTH,DEPOSIT PASSIVATION LAYER,DEPOSIT PASSIVATION,CLEAN AFTER METAL ETCH,SHIP LOT
valid_0305,SPIN COAT PHOTORESIST,MEASURE METAL THICKNESS,MEASURE FILM THICKNESS,MEASURE POLY THICKNESS,MEASURE GATE CD
valid_0306,MEASURE PASSIVATION QUALITY,MEASURE PASSIVATION THICKNESS,CURE PASSIVATION,OPEN PAD WINDOW LITHO,FINAL PARTICLE INSPECTION
valid_0307,MEASURE PLANARITY,MEASURE SURFACE PLANARITY,DENSIFY OXIDE,DENSIFY DIELECTRIC,ANNEAL METAL 1
valid_0308,CURE PASSIVATION,CLEAN AFTER METAL ETCH,DEPOSIT TUNGSTEN SEED,MEASURE PASSIVATION THICKNESS,OPEN PAD WINDOW
valid_0309,SPIN COAT PHOTORESIST,MEASURE METAL THICKNESS,MEASURE POLY THICKNESS,MEASURE FILM THICKNESS,IMPLANT CHANNEL STOP
valid_0310,CURE PASSIVATION,CLEAN AFTER METAL ETCH,DEPOSIT PASSIVATION LAYER,OPEN PAD WINDOW,DEPOSIT BACKSIDE METAL
valid_0311,MEASURE PLANARITY,MEASURE SURFACE PLANARITY,DENSIFY OXIDE,DENSIFY DIELECTRIC,DIELECTRIC ETCH VIA
valid_0312,CURE PASSIVATION,CLEAN AFTER METAL ETCH,EPITAXIAL DEPOSITION,OPEN PAD WINDOW,OPEN BOND PAD WINDOW
valid_0313,CMP DIELECTRIC,CMP INTERLAYER DIELECTRIC,HARD BAKE,DENSIFY DIELECTRIC,SPIN COAT PHOTORESIST
valid_0314,DEPOSIT PASSIVATION LAYER,DEPOSIT PASSIVATION,MEASURE LINE WIDTH,YIELD ANALYSIS,METAL PATTERN INSPECTION
valid_0315,SPIN COAT PHOTORESIST,MEASURE POLY THICKNESS,MEASURE METAL THICKNESS,MEASURE FILM THICKNESS,DEPOSIT INTERLAYER DIELECTRIC
valid_0316,MEASURE LINE WIDTH,DEPOSIT PASSIVATION LAYER,DEPOSIT PASSIVATION,CLEAN AFTER METAL ETCH,STRIP PHOTORESIST
valid_0317,MEASURE FILM THICKNESS,MEASURE DIELECTRIC THICKNESS,SPIN COAT PHOTORESIST,MEASURE OXIDE THICKNESS,DEPOSIT INTERLEVEL DIELECTRIC
valid_0318,MEASURE PASSIVATION THICKNESS,MEASURE PASSIVATION QUALITY,CURE PASSIVATION,OPEN PAD WINDOW LITHO,WAFER SORT TEST
valid_0319,MEASURE PLANARITY,MEASURE SURFACE PLANARITY,DENSIFY OXIDE,DENSIFY DIELECTRIC,ANNEAL METAL 1
valid_0320,CURE PASSIVATION,CLEAN AFTER METAL ETCH,BACKSIDE ANNEAL,MEASURE PASSIVATION THICKNESS,OPEN PAD WINDOW
valid_0321,SPIN COAT PHOTORESIST,MEASURE POLY THICKNESS,MEASURE METAL THICKNESS,MEASURE FILM THICKNESS,PRE ANNEAL CHECK
valid_0322,CURE PASSIVATION,CLEAN AFTER METAL ETCH,OPEN BOND PAD WINDOW,OPEN PAD WINDOW,DEPOSIT TUNGSTEN SEED
valid_0323,SOFT BAKE,ANNEAL METAL 1,ANNEAL METAL,CMP METAL,CMP VIA FILL
valid_0324,OPEN BOND PAD WINDOW,OPEN PAD WINDOW,EXPOSE LITHO LEVEL 6,CLEAN AFTER METAL ETCH,ANNEAL OXIDE
valid_0325,CMP INTERLAYER DIELECTRIC,CMP DIELECTRIC,HARD BAKE,DEPOSIT BARRIER METAL,FINAL CLEAN
valid_0326,DEPOSIT PASSIVATION LAYER,DEPOSIT PASSIVATION,MEASURE LINE WIDTH,SPIN COAT PHOTORESIST,DEPOSIT BARRIER METAL
valid_0327,SPIN COAT PHOTORESIST,MEASURE METAL THICKNESS,MEASURE POLY THICKNESS,HARD BAKE,PRE ANNEAL CHECK
valid_0328,CURE PASSIVATION,CLEAN AFTER METAL ETCH,MEASURE PASSIVATION THICKNESS,DEPOSIT BACKSIDE PROTECTION,BACKSIDE ANNEAL
valid_0329,MEASURE PLANARITY,MEASURE SURFACE PLANARITY,MEASURE FILM THICKNESS,DENSIFY OXIDE,ANNEAL METAL 1
valid_0330,MEASURE PASSIVATION QUALITY,MEASURE PASSIVATION THICKNESS,CURE PASSIVATION,BACKSIDE ANNEAL,HARD BAKE
valid_0331,MEASURE PLANARITY,MEASURE SURFACE PLANARITY,DENSIFY OXIDE,MEASURE FILM THICKNESS,DENSIFY DIELECTRIC
valid_0332,CURE PASSIVATION,CLEAN AFTER METAL ETCH,METAL ETCH DRY,DEPOSIT TUNGSTEN SEED,EXPOSE LITHO LEVEL 4
valid_0333,DENSIFY OXIDE,DENSIFY DIELECTRIC,DEPOSIT INTERLAYER DIELECTRIC,HARD BAKE,DEPOSIT INTERLEVEL DIELECTRIC
valid_0334,MEASURE LINE WIDTH,DEPOSIT PASSIVATION LAYER,DEPOSIT PASSIVATION,SHIP LOT,CLEAN AFTER METAL ETCH
valid_0335,CMP INTERLAYER DIELECTRIC,CMP DIELECTRIC,HARD BAKE,DEPOSIT BARRIER METAL,DENSIFY DIELECTRIC
valid_0336,MEASURE PASSIVATION THICKNESS,MEASURE PASSIVATION QUALITY,CURE PASSIVATION,OPEN PAD WINDOW LITHO,HARD BAKE
valid_0337,CMP DIELECTRIC,CMP INTERLAYER DIELECTRIC,HARD BAKE,ANNEAL METAL 1,DENSIFY OXIDE
valid_0338,DEPOSIT PASSIVATION LAYER,DEPOSIT PASSIVATION,MEASURE LINE WIDTH,DEPOSIT BARRIER METAL,SPIN COAT PHOTORESIST
valid_0339,SOFT BAKE,ANNEAL METAL 1,ANNEAL METAL,FINAL OXIDE CHECK,VIA ETCH THROUGH DIELECTRIC
valid_0340,CURE PASSIVATION,CLEAN AFTER METAL ETCH,OPEN PAD WINDOW,OPEN BOND PAD WINDOW,MEASURE PASSIVATION THICKNESS
valid_0341,SPIN COAT PHOTORESIST,MEASURE METAL THICKNESS,MEASURE FILM THICKNESS,MEASURE POLY THICKNESS,PRE ANNEAL CHECK
valid_0342,OPEN BOND PAD WINDOW,OPEN PAD WINDOW,EXPOSE LITHO LEVEL 6,CLEAN AFTER METAL ETCH,CURE PASSIVATION
valid_0343,SPIN COAT PHOTORESIST,MEASURE POLY THICKNESS,MEASURE METAL THICKNESS,MEASURE FILM THICKNESS,PRE ANNEAL CHECK
valid_0344,MEASURE PASSIVATION THICKNESS,MEASURE PASSIVATION QUALITY,CURE PASSIVATION,OPEN PAD WINDOW LITHO,WAFER SORT TEST
valid_0345,SPIN COAT PHOTORESIST,MEASURE POLY THICKNESS,MEASURE METAL THICKNESS,MEASURE FILM THICKNESS,PRE ANNEAL CHECK
valid_0346,MEASURE PASSIVATION QUALITY,MEASURE PASSIVATION THICKNESS,CURE PASSIVATION,OPEN PAD WINDOW LITHO,PAD WINDOW LITHO
valid_0347,CMP DIELECTRIC,CMP INTERLAYER DIELECTRIC,SPIN COAT PHOTORESIST,HARD BAKE,DEPOSIT BARRIER METAL
valid_0348,DEPOSIT PASSIVATION LAYER,DEPOSIT PASSIVATION,MEASURE LINE WIDTH,MEASURE OPENING CD,SPIN COAT PHOTORESIST
valid_0349,DEPOSIT INTERLEVEL DIELECTRIC,DEPOSIT INTERLAYER DIELECTRIC,MEASURE JUNCTION PROFILE,MEASURE DEVICE PARAMETER,MEASURE SHEET RESISTANCE
valid_0350,CLEAN AFTER METAL ETCH,CLEAN PAD OPENING,CLEAN AFTER VIA ETCH,CURE PASSIVATION,CLEAN AFTER WINDOW ETCH
valid_0351,CMP DIELECTRIC,CMP INTERLAYER DIELECTRIC,HARD BAKE,SPIN COAT PHOTORESIST,DENSIFY DIELECTRIC
valid_0352,DEPOSIT PASSIVATION LAYER,DEPOSIT PASSIVATION,MEASURE LINE WIDTH,SPIN COAT PHOTORESIST,MEASURE OPENING CD
valid_0353,ALIGN MASK LEVEL 5,ALIGN MASK LEVEL 3,DEPOSIT INTERLEVEL DIELECTRIC,EXPOSE LITHO LEVEL 5,DEPOSIT INTERLAYER DIELECTRIC
valid_0354,CURE PASSIVATION,CLEAN AFTER METAL ETCH,DEPOSIT TUNGSTEN SEED,MEASURE PASSIVATION THICKNESS,OPEN PAD WINDOW
valid_0355,SPIN COAT PHOTORESIST,MEASURE POLY THICKNESS,MEASURE FILM THICKNESS,MEASURE METAL THICKNESS,PRE ANNEAL CHECK
valid_0356,MEASURE LINE WIDTH,DEPOSIT PASSIVATION LAYER,DEPOSIT PASSIVATION,SHIP LOT,CLEAN AFTER METAL ETCH
valid_0357,MEASURE PLANARITY,MEASURE SURFACE PLANARITY,DENSIFY OXIDE,DENSIFY DIELECTRIC,ANNEAL METAL
valid_0358,CURE PASSIVATION,CLEAN AFTER METAL ETCH,DRY WAFER,SUBSTRATE CHECK,EPITAXIAL DEPOSITION
valid_0359,SPIN COAT PHOTORESIST,MEASURE POLY THICKNESS,MEASURE METAL THICKNESS,MEASURE FILM THICKNESS,HARD BAKE
valid_0360,CURE PASSIVATION,CLEAN AFTER METAL ETCH,MEASURE PASSIVATION THICKNESS,OPEN PAD WINDOW,OPEN BOND PAD WINDOW
valid_0361,SPIN COAT PHOTORESIST,MEASURE POLY THICKNESS,MEASURE METAL THICKNESS,MEASURE FILM THICKNESS,PRE ANNEAL CHECK
valid_0362,CURE PASSIVATION,CLEAN AFTER METAL ETCH,IMPLANT WELL,MEASURE PASSIVATION THICKNESS,OPEN PAD WINDOW
valid_0363,MEASURE DIELECTRIC THICKNESS,MEASURE FILM THICKNESS,SPIN COAT PHOTORESIST,MEASURE OXIDE THICKNESS,DEPOSIT INTERLEVEL DIELECTRIC
valid_0364,MEASURE LINE WIDTH,DEPOSIT PASSIVATION LAYER,DEPOSIT PASSIVATION,CLEAN AFTER METAL ETCH,SHIP LOT
valid_0365,ALIGN MASK LEVEL 5,ALIGN MASK LEVEL 6,EXPOSE LITHO LEVEL 5,MEASURE DEVICE PARAMETER,ANISOTROPIC ETCH SPACER
valid_0366,DEPOSIT PASSIVATION LAYER,DEPOSIT PASSIVATION,MEASURE LINE WIDTH,SPIN COAT PHOTORESIST,MEASURE OPENING CD
valid_0367,MEASURE PLANARITY,MEASURE SURFACE PLANARITY,DENSIFY OXIDE,DENSIFY DIELECTRIC,ANNEAL METAL
valid_0368,MEASURE PASSIVATION THICKNESS,MEASURE PASSIVATION QUALITY,CURE PASSIVATION,OPEN PAD WINDOW LITHO,WAFER SORT TEST
valid_0369,SPIN COAT PHOTORESIST,MEASURE POLY THICKNESS,MEASURE METAL THICKNESS,MEASURE FILM THICKNESS,PRE ANNEAL CHECK
valid_0370,CURE PASSIVATION,DRY WAFER,SUBSTRATE CHECK,CLEAN AFTER METAL ETCH,IMPLANT WELL
valid_0371,CMP INTERLAYER DIELECTRIC,CMP DIELECTRIC,HARD BAKE,SPIN COAT PHOTORESIST,DEPOSIT BARRIER METAL
valid_0372,DEPOSIT PASSIVATION LAYER,DEPOSIT PASSIVATION,MEASURE LINE WIDTH,MEASURE OPENING CD,SPIN COAT PHOTORESIST
valid_0373,SPIN COAT PHOTORESIST,MEASURE METAL THICKNESS,MEASURE FILM THICKNESS,MEASURE POLY THICKNESS,HARD BAKE
valid_0374,CURE PASSIVATION,CLEAN AFTER METAL ETCH,DEPOSIT PASSIVATION LAYER,DEPOSIT PASSIVATION,DENSIFY OXIDE
valid_0375,MEASURE DEVICE PARAMETER,DEPOSIT INTERLEVEL DIELECTRIC,DEPOSIT INTERLAYER DIELECTRIC,MEASURE JUNCTION PROFILE,MEASURE SHEET RESISTANCE
valid_0376,CLEAN AFTER METAL ETCH,CLEAN PAD OPENING,CURE PASSIVATION,CLEAN AFTER VIA ETCH,SWITCHING TEST
valid_0377,CMP DIELECTRIC,CMP INTERLAYER DIELECTRIC,HARD BAKE,DEVELOP PHOTORESIST,DENSIFY DIELECTRIC
valid_0378,CURE PASSIVATION,CLEAN AFTER METAL ETCH,DEPOSIT TUNGSTEN SEED,IMPLANT WELL,OPEN PAD WINDOW
valid_0379,SPIN COAT PHOTORESIST,MEASURE POLY THICKNESS,MEASURE METAL THICKNESS,MEASURE FILM THICKNESS,PRE ANNEAL CHECK
valid_0380,MEASURE PASSIVATION QUALITY,MEASURE PASSIVATION THICKNESS,CURE PASSIVATION,OPEN PAD WINDOW LITHO,FINAL PARTICLE INSPECTION
valid_0381,MEASURE FILM THICKNESS,MEASURE DIELECTRIC THICKNESS,SPIN COAT PHOTORESIST,MEASURE OXIDE THICKNESS,DEPOSIT INTERLEVEL DIELECTRIC
valid_0382,MEASURE LINE WIDTH,DEPOSIT PASSIVATION LAYER,DEPOSIT PASSIVATION,CLEAN AFTER METAL ETCH,SHIP LOT
valid_0383,SOFT BAKE,ANNEAL METAL 1,ANNEAL METAL,CMP VIA FILL,CMP METAL
valid_0384,MEASURE PASSIVATION THICKNESS,MEASURE PASSIVATION QUALITY,CURE PASSIVATION,OPEN PAD WINDOW LITHO,PAD WINDOW LITHO
valid_0385,MEASURE PLANARITY,MEASURE SURFACE PLANARITY,DENSIFY OXIDE,DENSIFY DIELECTRIC,ANNEAL METAL
valid_0386,CURE PASSIVATION,CLEAN AFTER METAL ETCH,DENSIFY OXIDE,DEPOSIT TUNGSTEN SEED,OPEN PAD WINDOW
valid_0387,ALIGN MASK LEVEL 5,ALIGN MASK LEVEL 3,MEASURE DEVICE PARAMETER,ALIGN MASK LEVEL 6,ALIGN MASK LEVEL 4
valid_0388,CURE PASSIVATION,CLEAN AFTER METAL ETCH,OPEN BOND PAD WINDOW,OPEN PAD WINDOW,METAL ETCH DRY
valid_0389,MEASURE PLANARITY,MEASURE SURFACE PLANARITY,DENSIFY OXIDE,DENSIFY DIELECTRIC,ANNEAL METAL
valid_0390,CURE PASSIVATION,CLEAN AFTER METAL ETCH,OPEN PAD WINDOW,DENSIFY OXIDE,DEPOSIT TUNGSTEN SEED
valid_0391,SPIN COAT PHOTORESIST,MEASURE POLY THICKNESS,MEASURE METAL THICKNESS,MEASURE FILM THICKNESS,PRE ANNEAL CHECK
valid_0392,DEPOSIT PASSIVATION LAYER,DEPOSIT PASSIVATION,MEASURE LINE WIDTH,METAL PATTERN INSPECTION,YIELD ANALYSIS
valid_0393,MEASURE PLANARITY,MEASURE SURFACE PLANARITY,DENSIFY OXIDE,DENSIFY DIELECTRIC,MEASURE METAL THICKNESS
valid_0394,CURE PASSIVATION,OPEN BOND PAD WINDOW,CLEAN AFTER METAL ETCH,OPEN PAD WINDOW,DEPOSIT BACKSIDE METAL
valid_0395,SPIN COAT PHOTORESIST,MEASURE METAL THICKNESS,MEASURE FILM THICKNESS,MEASURE POLY THICKNESS,PRE ANNEAL CHECK
valid_0396,MEASURE PASSIVATION QUALITY,MEASURE PASSIVATION THICKNESS,CURE PASSIVATION,HARD BAKE,OPEN PAD WINDOW
valid_0397,CMP DIELECTRIC,CMP INTERLAYER DIELECTRIC,HARD BAKE,CLEAN AFTER METAL ETCH,DEPOSIT BARRIER METAL
valid_0398,CURE PASSIVATION,CLEAN AFTER METAL ETCH,OPEN PAD WINDOW,OPEN BOND PAD WINDOW,MEASURE PASSIVATION THICKNESS
valid_0399,MEASURE PLANARITY,MEASURE SURFACE PLANARITY,DENSIFY OXIDE,ANNEAL METAL,ANNEAL METAL 1
valid_0400,DEPOSIT PASSIVATION LAYER,DEPOSIT PASSIVATION,MEASURE LINE WIDTH,DEPOSIT BARRIER METAL,SPIN COAT PHOTORESIST
valid_0401,DEPOSIT TUNGSTEN SEED,DEPOSIT METAL SEED,CLEAN AFTER VIA ETCH,OXIDE STRIP,CURE PASSIVATION
valid_0402,PASSIVATION ETCH PAD OPENING,PASSIVATION ETCH,CLEAN PAD OPENING,VIA OPENING INSPECTION,VIA INSPECTION
valid_0403,MEASURE VIA CD,DEPOSIT BARRIER METAL,DRY WAFER,DENSIFY OXIDE,DENSIFY DIELECTRIC
valid_0404,PASSIVATION ETCH PAD OPENING,PASSIVATION ETCH,CLEAN PAD OPENING,DEVELOP PAD WINDOW,FINAL CLEAN
valid_0405,MEASURE VIA CD,DEPOSIT BARRIER METAL,DRY WAFER,CLEAN AFTER VIA ETCH,DENSIFY OXIDE
valid_0406,MEASURE PASSIVATION QUALITY,MEASURE PASSIVATION THICKNESS,OPEN PAD WINDOW LITHO,CURE PASSIVATION,PAD WINDOW LITHO
valid_0407,STRIP PHOTORESIST,STRIP RESIST,STRIP RESIST LEVEL 2,HARD BAKE,SPIN COAT PHOTORESIST
valid_0408,MEASURE PASSIVATION QUALITY,MEASURE PASSIVATION THICKNESS,OPEN PAD WINDOW LITHO,CURE PASSIVATION,PAD WINDOW LITHO
valid_0409,STRIP PHOTORESIST,STRIP RESIST,STRIP RESIST LEVEL 2,HARD BAKE,SPIN COAT PHOTORESIST
valid_0410,OPEN BOND PAD WINDOW,OPEN PAD WINDOW,CURE PASSIVATION,ANNEAL OXIDE,MEASURE PASSIVATION QUALITY
valid_0411,CLEAN AFTER VIA ETCH,CLEAN AFTER ETCH,CLEAN AFTER FIELD ETCH,VIA ETCH,DIELECTRIC ETCH VIA
valid_0412,OPEN BOND PAD WINDOW,OPEN PAD WINDOW,CLEAN AFTER METAL ETCH,ANNEAL OXIDE,CURE PASSIVATION
valid_0413,STRIP PHOTORESIST,STRIP RESIST,STRIP RESIST LEVEL 2,HARD BAKE,DEPOSIT PASSIVATION LAYER
valid_0414,MEASURE PASSIVATION QUALITY,MEASURE PASSIVATION THICKNESS,OPEN PAD WINDOW LITHO,CURE PASSIVATION,PAD WINDOW LITHO
valid_0415,CLEAN AFTER VIA ETCH,CLEAN AFTER METAL ETCH,VIA INSPECTION,CLEAN AFTER POLY ETCH,VIA OPENING INSPECTION
valid_0416,DEVELOP PHOTORESIST,DEVELOP PAD WINDOW,POST EXPOSE BAKE,HARD BAKE,PRE ANNEAL CHECK
valid_0417,CLEAN AFTER VIA ETCH,CLEAN AFTER METAL ETCH,DEPOSIT BARRIER METAL,CLEAN AFTER FIELD ETCH,CLEAN AFTER POLY ETCH
valid_0418,PASSIVATION ETCH PAD OPENING,PASSIVATION ETCH,VIA OPENING INSPECTION,VIA INSPECTION,CLEAN PAD OPENING
valid_0419,STRIP PHOTORESIST,STRIP RESIST,STRIP RESIST LEVEL 2,HARD BAKE,SPIN COAT PHOTORESIST
valid_0420,CURE PASSIVATION,CLEAN AFTER METAL ETCH,OPEN PAD WINDOW,OPEN BOND PAD WINDOW,ANNEAL OXIDE
valid_0421,DEPOSIT TUNGSTEN SEED,DEPOSIT METAL SEED,ALIGN MASK LEVEL 3,CLEAN AFTER VIA ETCH,OXIDE STRIP
valid_0422,PASSIVATION ETCH PAD OPENING,PASSIVATION ETCH,CLEAN PAD OPENING,VIA OPENING INSPECTION,METAL PATTERN INSPECTION
valid_0423,MEASURE VIA CD,DEPOSIT BARRIER METAL,DRY WAFER,DENSIFY OXIDE,CLEAN AFTER VIA ETCH
valid_0424,OPEN BOND PAD WINDOW,OPEN PAD WINDOW,FINAL ELECTRICAL TEST PREP,CURE PASSIVATION,EXPOSE LITHO LEVEL 1
valid_0425,CLEAN AFTER VIA ETCH,CLEAN AFTER ETCH,CLEAN AFTER FIELD ETCH,VIA ETCH,DEPOSIT BARRIER METAL
valid_0426,OPEN PAD WINDOW LITHO,PAD WINDOW LITHO,LOT RELEASE,FINAL LOT RELEASE,MEASURE PASSIVATION THICKNESS
valid_0427,CLEAN AFTER VIA ETCH,CLEAN AFTER ETCH,CLEAN AFTER FIELD ETCH,CLEAN AFTER POLY ETCH,VIA ETCH
valid_0428,OPEN BOND PAD WINDOW,OPEN PAD WINDOW,ANNEAL OXIDE,DEVELOP PHOTORESIST,EXPOSE LITHO LEVEL 1
valid_0429,STRIP RESIST,STRIP PHOTORESIST,STRIP RESIST LEVEL 2,HARD BAKE,SPIN COAT PHOTORESIST
valid_0430,OPEN PAD WINDOW LITHO,PAD WINDOW LITHO,FINAL LOT RELEASE,MEASURE PASSIVATION THICKNESS,LOT RELEASE
valid_0431,MEASURE VIA CD,DEPOSIT BARRIER METAL,DRY WAFER,MEASURE SURFACE UNIFORMITY,CLEAN AFTER VIA ETCH
valid_0432,OPEN PAD WINDOW LITHO,PAD WINDOW LITHO,MEASURE PASSIVATION THICKNESS,MEASURE PASSIVATION QUALITY,METAL PATTERN INSPECTION
valid_0433,STRIP PHOTORESIST,STRIP RESIST,STRIP RESIST LEVEL 2,HARD BAKE,DEPOSIT PASSIVATION LAYER
valid_0434,DEVELOP PHOTORESIST,DEVELOP PAD WINDOW,POST EXPOSE BAKE,PRE ANNEAL CHECK,HARD BAKE
valid_0435,DEPOSIT BARRIER METAL,MEASURE VIA CD,CLEAN AFTER VIA ETCH,DEPOSIT TUNGSTEN SEED,DRY WAFER
valid_0436,OPEN PAD WINDOW LITHO,PAD WINDOW LITHO,MEASURE PASSIVATION THICKNESS,MEASURE PASSIVATION QUALITY,FINAL LOT RELEASE
valid_0437,CLEAN AFTER VIA ETCH,CLEAN PAD OPENING,VIA ETCH,DIELECTRIC ETCH VIA,VIA ETCH THROUGH DIELECTRIC
valid_0438,OPEN PAD WINDOW LITHO,PAD WINDOW LITHO,MEASURE PASSIVATION THICKNESS,MEASURE PASSIVATION QUALITY,FINAL LOT RELEASE
valid_0439,CLEAN AFTER VIA ETCH,CLEAN AFTER POLY ETCH,CLEAN AFTER FIELD ETCH,CLEAN AFTER METAL ETCH,CLEAN AFTER ETCH
valid_0440,OPEN PAD WINDOW LITHO,PAD WINDOW LITHO,MEASURE PASSIVATION THICKNESS,METAL PATTERN INSPECTION,FINAL LOT RELEASE
valid_0441,STRIP PHOTORESIST,STRIP RESIST,STRIP RESIST LEVEL 2,HARD BAKE,METAL ETCH DRY
valid_0442,OPEN BOND PAD WINDOW,OPEN PAD WINDOW,CURE PASSIVATION,BACKSIDE THINNING CHECK,CLEAN AFTER METAL ETCH
valid_0443,DEPOSIT BARRIER METAL,MEASURE VIA CD,DEPOSIT POLYSILICON,CLEAN AFTER VIA ETCH,FINAL GEOMETRY CHECK
valid_0444,OPEN BOND PAD WINDOW,OPEN PAD WINDOW,CLEAN AFTER METAL ETCH,DEVELOP PHOTORESIST,CURE PASSIVATION
valid_0445,CLEAN AFTER VIA ETCH,VIA ETCH,DIELECTRIC ETCH VIA,CLEAN AFTER METAL ETCH,CLEAN PAD OPENING
valid_0446,OPEN BOND PAD WINDOW,OPEN PAD WINDOW,CURE PASSIVATION,MEASURE PASSIVATION QUALITY,EXPOSE LITHO LEVEL 1
valid_0447,CLEAN AFTER VIA ETCH,CLEAN AFTER ETCH,CLEAN AFTER FIELD ETCH,CLEAN PAD OPENING,VIA ETCH
valid_0448,DEVELOP PAD WINDOW,DEVELOP PHOTORESIST,POST EXPOSE BAKE,PRE ANNEAL CHECK,HARD BAKE
valid_0449,CLEAN AFTER VIA ETCH,CLEAN AFTER POLY ETCH,CLEAN AFTER ETCH,CLEAN AFTER FIELD ETCH,CLEAN PAD OPENING
valid_0450,OPEN PAD WINDOW LITHO,PAD WINDOW LITHO,MEASURE PASSIVATION THICKNESS,FILL VIA METAL,FINAL LOT RELEASE
valid_0451,MEASURE VIA CD,DEPOSIT BARRIER METAL,DRY WAFER,DENSIFY OXIDE,DENSIFY DIELECTRIC
valid_0452,DEVELOP PAD WINDOW,DEVELOP PHOTORESIST,POST EXPOSE BAKE,HARD BAKE,PRE ANNEAL CHECK
valid_0453,MEASURE VIA CD,DEPOSIT BARRIER METAL,DRY WAFER,MEASURE SURFACE UNIFORMITY,CLEAN AFTER VIA ETCH
valid_0454,OPEN PAD WINDOW LITHO,PAD WINDOW LITHO,MEASURE PASSIVATION THICKNESS,MEASURE PASSIVATION QUALITY,FINAL LOT RELEASE
valid_0455,DEPOSIT BARRIER METAL,MEASURE VIA CD,BACKSIDE CLEAN,CLEAN AFTER VIA ETCH,MEASURE PAD OPENING
valid_0456,DEVELOP PAD WINDOW,DEVELOP PHOTORESIST,POST EXPOSE BAKE,HARD BAKE,PRE ANNEAL CHECK
valid_0457,STRIP RESIST,STRIP PHOTORESIST,STRIP RESIST LEVEL 2,HARD BAKE,SPIN COAT PHOTORESIST
valid_0458,MEASURE PASSIVATION QUALITY,MEASURE PASSIVATION THICKNESS,OPEN PAD WINDOW LITHO,PAD WINDOW LITHO,CURE PASSIVATION
valid_0459,HARD BAKE,VIA ETCH THROUGH DIELECTRIC,DIELECTRIC ETCH VIA,VIA ETCH,METAL ETCH DRY
valid_0460,MEASURE PASSIVATION QUALITY,MEASURE PASSIVATION THICKNESS,OPEN PAD WINDOW LITHO,PAD WINDOW LITHO,CURE PASSIVATION
valid_0461,MEASURE VIA CD,DEPOSIT BARRIER METAL,DRY WAFER,DENSIFY OXIDE,MEASURE SURFACE UNIFORMITY
valid_0462,OPEN PAD WINDOW LITHO,PAD WINDOW LITHO,METAL PATTERN INSPECTION,MEASURE PASSIVATION THICKNESS,MEASURE PASSIVATION QUALITY
valid_0463,MEASURE VIA CD,DEPOSIT BARRIER METAL,DRY WAFER,CLEAN AFTER VIA ETCH,DENSIFY OXIDE
valid_0464,OPEN PAD WINDOW LITHO,PAD WINDOW LITHO,METAL PATTERN INSPECTION,POST EXPOSE BAKE,MEASURE PASSIVATION THICKNESS
valid_0465,HARD BAKE,VIA ETCH THROUGH DIELECTRIC,VIA ETCH,DIELECTRIC ETCH VIA,METAL ETCH DRY
valid_0466,CURE PASSIVATION,CLEAN AFTER METAL ETCH,DEPOSIT TUNGSTEN SEED,IMPLANT WELL,DENSIFY OXIDE
valid_0467,CLEAN AFTER VIA ETCH,CLEAN PAD OPENING,CLEAN AFTER FIELD ETCH,DIELECTRIC ETCH VIA,VIA ETCH
valid_0468,OPEN BOND PAD WINDOW,OPEN PAD WINDOW,CURE PASSIVATION,MEASURE PASSIVATION QUALITY,ANNEAL OXIDE
valid_0469,CLEAN AFTER VIA ETCH,CLEAN AFTER ETCH,CLEAN AFTER FIELD ETCH,CLEAN AFTER METAL ETCH,VIA ETCH
valid_0470,OPEN BOND PAD WINDOW,OPEN PAD WINDOW,CURE PASSIVATION,CLEAN AFTER METAL ETCH,DEVELOP PHOTORESIST
valid_0471,DEPOSIT BARRIER METAL,MEASURE VIA CD,CLEAN AFTER VIA ETCH,DRY WAFER,DEPOSIT TUNGSTEN SEED
valid_0472,PASSIVATION ETCH PAD OPENING,PASSIVATION ETCH,VIA INSPECTION,VIA OPENING INSPECTION,SHIP LOT
valid_0473,STRIP RESIST,STRIP PHOTORESIST,STRIP RESIST LEVEL 2,HARD BAKE,SPIN COAT PHOTORESIST
valid_0474,MEASURE PASSIVATION QUALITY,MEASURE PASSIVATION THICKNESS,OPEN PAD WINDOW LITHO,PAD WINDOW LITHO,CURE PASSIVATION
valid_0475,DIELECTRIC ETCH VIA,VIA ETCH THROUGH DIELECTRIC,VIA ETCH,HARD BAKE,OXIDE ETCH DRY
valid_0476,MEASURE PASSIVATION QUALITY,MEASURE PASSIVATION THICKNESS,OPEN PAD WINDOW LITHO,CURE PASSIVATION,PAD WINDOW LITHO
valid_0477,CLEAN AFTER VIA ETCH,CLEAN PAD OPENING,VIA ETCH,DIELECTRIC ETCH VIA,VIA OPENING INSPECTION
valid_0478,OPEN BOND PAD WINDOW,OPEN PAD WINDOW,CURE PASSIVATION,MEASURE PASSIVATION QUALITY,ANNEAL OXIDE
valid_0479,CLEAN AFTER VIA ETCH,CLEAN AFTER METAL ETCH,CLEAN PAD OPENING,VIA OPENING INSPECTION,VIA INSPECTION
valid_0480,OPEN PAD WINDOW LITHO,PAD WINDOW LITHO,MEASURE PASSIVATION THICKNESS,MEASURE PASSIVATION QUALITY,FINAL LOT RELEASE
valid_0481,MEASURE VIA CD,DEPOSIT BARRIER METAL,DRY WAFER,CLEAN AFTER VIA ETCH,DENSIFY OXIDE
valid_0482,OPEN BOND PAD WINDOW,OPEN PAD WINDOW,CURE PASSIVATION,CLEAN AFTER METAL ETCH,MEASURE PASSIVATION QUALITY
valid_0483,DEPOSIT TUNGSTEN SEED,DEPOSIT METAL SEED,ALIGN MASK LEVEL 3,ANNEAL DIELECTRIC,CLEAN AFTER VIA ETCH
valid_0484,DEVELOP PAD WINDOW,DEVELOP PHOTORESIST,POST EXPOSE BAKE,HARD BAKE,PRE ANNEAL CHECK
valid_0485,DEPOSIT BARRIER METAL,MEASURE VIA CD,DEPOSIT PASSIVATION LAYER,MEASURE EPITAXY THICKNESS,BACKSIDE CLEAN
valid_0486,DEVELOP PAD WINDOW,DEVELOP PHOTORESIST,POST EXPOSE BAKE,HARD BAKE,PRE ANNEAL CHECK
valid_0487,CLEAN AFTER VIA ETCH,CLEAN AFTER ETCH,CLEAN AFTER FIELD ETCH,CLEAN AFTER METAL ETCH,VIA ETCH
valid_0488,MEASURE PASSIVATION QUALITY,MEASURE PASSIVATION THICKNESS,OPEN PAD WINDOW LITHO,PAD WINDOW LITHO,CURE PASSIVATION
valid_0489,CLEAN AFTER VIA ETCH,CLEAN AFTER ETCH,CLEAN AFTER FIELD ETCH,VIA ETCH,CLEAN AFTER METAL ETCH
valid_0490,OPEN BOND PAD WINDOW,OPEN PAD WINDOW,ANNEAL OXIDE,CLEAN AFTER METAL ETCH,FINAL LOT RELEASE
valid_0491,STRIP PHOTORESIST,STRIP RESIST,STRIP RESIST LEVEL 2,HARD BAKE,SPIN COAT PHOTORESIST
valid_0492,OPEN PAD WINDOW LITHO,PAD WINDOW LITHO,MEASURE PASSIVATION THICKNESS,MEASURE PASSIVATION QUALITY,FINAL LOT RELEASE
valid_0493,MEASURE VIA CD,DEPOSIT BARRIER METAL,DRY WAFER,DENSIFY OXIDE,CLEAN AFTER VIA ETCH
valid_0494,OPEN PAD WINDOW LITHO,PAD WINDOW LITHO,MEASURE PASSIVATION THICKNESS,MEASURE PASSIVATION QUALITY,FINAL LOT RELEASE
valid_0495,CLEAN AFTER VIA ETCH,CLEAN AFTER POLY ETCH,CLEAN AFTER METAL ETCH,CLEAN AFTER FIELD ETCH,DEPOSIT BARRIER METAL
valid_0496,MEASURE PASSIVATION THICKNESS,MEASURE PASSIVATION QUALITY,OPEN PAD WINDOW LITHO,CURE PASSIVATION,PAD WINDOW LITHO
valid_0497,MEASURE VIA CD,DEPOSIT BARRIER METAL,DRY WAFER,STRIP RESIST,FINAL PARTICLE INSPECTION
valid_0498,DEVELOP PAD WINDOW,DEVELOP PHOTORESIST,POST EXPOSE BAKE,PRE ANNEAL CHECK,HARD BAKE
valid_0499,CLEAN AFTER VIA ETCH,CLEAN AFTER ETCH,CLEAN AFTER POLY ETCH,CLEAN AFTER FIELD ETCH,VIA ETCH
valid_0500,OPEN PAD WINDOW LITHO,PAD WINDOW LITHO,LOT RELEASE,FINAL LOT RELEASE,POST EXPOSE BAKE
valid_0501,CLEAN AFTER VIA ETCH,CLEAN AFTER ETCH,CLEAN AFTER FIELD ETCH,VIA ETCH,DIELECTRIC ETCH VIA
valid_0502,OPEN PAD WINDOW LITHO,PAD WINDOW LITHO,MEASURE PASSIVATION THICKNESS,FINAL LOT RELEASE,LOT RELEASE
valid_0503,DEPOSIT BARRIER METAL,MEASURE VIA CD,CLEAN AFTER VIA ETCH,DEPOSIT POLYSILICON,DEPOSIT TUNGSTEN SEED
valid_0504,PASSIVATION ETCH PAD OPENING,PASSIVATION ETCH,CLEAN PAD OPENING,VIA OPENING INSPECTION,VIA INSPECTION
valid_0505,STRIP RESIST,STRIP PHOTORESIST,STRIP RESIST LEVEL 2,MEASURE LINE WIDTH,HARD BAKE
valid_0506,CURE PASSIVATION,CLEAN AFTER METAL ETCH,MEASURE PASSIVATION THICKNESS,OPEN PAD WINDOW,MEASURE PASSIVATION QUALITY
valid_0507,STRIP RESIST,STRIP PHOTORESIST,STRIP RESIST LEVEL 2,SPIN COAT PHOTORESIST,HARD BAKE
valid_0508,DEVELOP PAD WINDOW,DEVELOP PHOTORESIST,POST EXPOSE BAKE,PRE ANNEAL CHECK,HARD BAKE
valid_0509,CLEAN AFTER VIA ETCH,CLEAN PAD OPENING,DEPOSIT TUNGSTEN SEED,CLEAN AFTER POLY ETCH,CLEAN AFTER METAL ETCH
valid_0510,MEASURE PASSIVATION QUALITY,MEASURE PASSIVATION THICKNESS,OPEN PAD WINDOW LITHO,PAD WINDOW LITHO,CURE PASSIVATION
valid_0511,HARD BAKE,VIA ETCH THROUGH DIELECTRIC,DIELECTRIC ETCH VIA,VIA ETCH,METAL ETCH DRY
valid_0512,OPEN BOND PAD WINDOW,OPEN PAD WINDOW,CLEAN AFTER METAL ETCH,CURE PASSIVATION,EXPOSE LITHO LEVEL 6
valid_0513,MEASURE VIA CD,DEPOSIT BARRIER METAL,DRY WAFER,DENSIFY OXIDE,DENSIFY DIELECTRIC
valid_0514,OPEN PAD WINDOW LITHO,PAD WINDOW LITHO,MEASURE PASSIVATION THICKNESS,FINAL LOT RELEASE,LOT RELEASE
valid_0515,MEASURE VIA CD,DEPOSIT BARRIER METAL,DRY WAFER,CLEAN AFTER VIA ETCH,DENSIFY OXIDE
valid_0516,OPEN PAD WINDOW LITHO,PAD WINDOW LITHO,MEASURE PASSIVATION THICKNESS,MEASURE PASSIVATION QUALITY,FINAL LOT RELEASE
valid_0517,MEASURE VIA CD,DEPOSIT BARRIER METAL,DRY WAFER,CLEAN AFTER VIA ETCH,MEASURE SURFACE UNIFORMITY
valid_0518,DEVELOP PAD WINDOW,DEVELOP PHOTORESIST,POST EXPOSE BAKE,HARD BAKE,PRE ANNEAL CHECK
valid_0519,MEASURE VIA CD,DEPOSIT BARRIER METAL,DRY WAFER,DENSIFY OXIDE,CLEAN AFTER VIA ETCH
valid_0520,OPEN PAD WINDOW LITHO,PAD WINDOW LITHO,MEASURE PASSIVATION THICKNESS,MEASURE PASSIVATION QUALITY,FINAL LOT RELEASE
valid_0521,MEASURE VIA CD,DEPOSIT BARRIER METAL,DRY WAFER,MEASURE SURFACE UNIFORMITY,CLEAN AFTER VIA ETCH
valid_0522,DEVELOP PHOTORESIST,DEVELOP PAD WINDOW,POST EXPOSE BAKE,PRE ANNEAL CHECK,HARD BAKE
valid_0523,STRIP PHOTORESIST,STRIP RESIST,STRIP RESIST LEVEL 2,HARD BAKE,SPIN COAT PHOTORESIST
valid_0524,OPEN BOND PAD WINDOW,OPEN PAD WINDOW,CLEAN AFTER METAL ETCH,ANNEAL OXIDE,DEVELOP PHOTORESIST
valid_0525,MEASURE VIA CD,DEPOSIT BARRIER METAL,DRY WAFER,CLEAN AFTER VIA ETCH,DENSIFY OXIDE
valid_0526,DEVELOP PAD WINDOW,DEVELOP PHOTORESIST,POST EXPOSE BAKE,HARD BAKE,PRE ANNEAL CHECK
valid_0527,DEPOSIT BARRIER METAL,MEASURE VIA CD,CLEAN AFTER VIA ETCH,MEASURE PAD OPENING,BACKSIDE CLEAN
valid_0528,OPEN PAD WINDOW LITHO,PAD WINDOW LITHO,MEASURE PASSIVATION THICKNESS,MEASURE PASSIVATION QUALITY,FILL VIA METAL
valid_0529,CLEAN AFTER VIA ETCH,CLEAN AFTER POLY ETCH,CLEAN AFTER FIELD ETCH,CLEAN AFTER ETCH,VIA INSPECTION
valid_0530,CURE PASSIVATION,CLEAN AFTER METAL ETCH,OPEN PAD WINDOW,EPITAXIAL DEPOSITION,OPEN BOND PAD WINDOW
valid_0531,DEPOSIT BARRIER METAL,MEASURE VIA CD,CLEAN AFTER VIA ETCH,DEPOSIT POLYSILICON,POST EXPOSE BAKE
valid_0532,PASSIVATION ETCH PAD OPENING,PASSIVATION ETCH,CLEAN PAD OPENING,VIA OPENING INSPECTION,VIA INSPECTION
valid_0533,DEPOSIT TUNGSTEN SEED,DEPOSIT METAL SEED,ALIGN MASK LEVEL 4,EPITAXIAL WAFER CHECK,CURE PASSIVATION
valid_0534,PASSIVATION ETCH PAD OPENING,PASSIVATION ETCH,CLEAN PAD OPENING,VIA OPENING INSPECTION,VIA INSPECTION
valid_0535,DEPOSIT BARRIER METAL,MEASURE VIA CD,DEPOSIT TUNGSTEN SEED,DEPOSIT BACKSIDE PROTECTION,CLEAN AFTER VIA ETCH
valid_0536,PASSIVATION ETCH PAD OPENING,PASSIVATION ETCH,VIA OPENING INSPECTION,VIA INSPECTION,CLEAN PAD OPENING
valid_0537,MEASURE VIA CD,DEPOSIT BARRIER METAL,DRY WAFER,DENSIFY OXIDE,DENSIFY DIELECTRIC
valid_0538,DEVELOP PHOTORESIST,DEVELOP PAD WINDOW,POST EXPOSE BAKE,PRE ANNEAL CHECK,HARD BAKE
valid_0539,STRIP PHOTORESIST,STRIP RESIST,STRIP RESIST LEVEL 2,HARD BAKE,METAL ETCH DRY
valid_0540,OPEN BOND PAD WINDOW,OPEN PAD WINDOW,EXPOSE LITHO LEVEL 1,CLEAN AFTER METAL ETCH,FINAL LOT RELEASE
valid_0541,STRIP PHOTORESIST,STRIP RESIST,STRIP RESIST LEVEL 2,HARD BAKE,WAFER SORT TEST
valid_0542,OPEN BOND PAD WINDOW,OPEN PAD WINDOW,CURE PASSIVATION,MEASURE PASSIVATION QUALITY,ANNEAL OXIDE
valid_0543,MEASURE VIA CD,DEPOSIT BARRIER METAL,DRY WAFER,CLEAN AFTER VIA ETCH,DENSIFY OXIDE
valid_0544,OPEN BOND PAD WINDOW,OPEN PAD WINDOW,CURE PASSIVATION,MEASURE PASSIVATION QUALITY,ANNEAL OXIDE
valid_0545,DEPOSIT BARRIER METAL,MEASURE VIA CD,CLEAN AFTER VIA ETCH,DEPOSIT POLYSILICON,DEPOSIT TUNGSTEN SEED
valid_0546,DEVELOP PAD WINDOW,DEVELOP PHOTORESIST,POST EXPOSE BAKE,HARD BAKE,PRE ANNEAL CHECK
valid_0547,CLEAN AFTER VIA ETCH,CLEAN PAD OPENING,CLEAN AFTER FIELD ETCH,DEPOSIT TUNGSTEN SEED,CLEAN AFTER ETCH
valid_0548,DEVELOP PHOTORESIST,DEVELOP PAD WINDOW,POST EXPOSE BAKE,HARD BAKE,PRE ANNEAL CHECK
valid_0549,DEPOSIT TUNGSTEN SEED,DEPOSIT METAL SEED,CLEAN AFTER VIA ETCH,CURE PASSIVATION,ALIGN MASK LEVEL 4
valid_0550,PASSIVATION ETCH PAD OPENING,PASSIVATION ETCH,CLEAN PAD OPENING,VIA OPENING INSPECTION,VIA INSPECTION
valid_0551,CLEAN AFTER VIA ETCH,CLEAN AFTER ETCH,CLEAN AFTER FIELD ETCH,VIA ETCH,DIELECTRIC ETCH VIA
valid_0552,OPEN PAD WINDOW LITHO,PAD WINDOW LITHO,FINAL LOT RELEASE,LOT RELEASE,MEASURE PASSIVATION THICKNESS
valid_0553,MEASURE VIA CD,DEPOSIT BARRIER METAL,DRY WAFER,DENSIFY OXIDE,DENSIFY DIELECTRIC
valid_0554,OPEN PAD WINDOW LITHO,PAD WINDOW LITHO,MEASURE PASSIVATION THICKNESS,MEASURE PASSIVATION QUALITY,METAL PATTERN INSPECTION
valid_0555,VIA ETCH THROUGH DIELECTRIC,DIELECTRIC ETCH VIA,VIA ETCH,HARD BAKE,OXIDE ETCH DRY
valid_0556,OPEN BOND PAD WINDOW,OPEN PAD WINDOW,CURE PASSIVATION,CLEAN AFTER METAL ETCH,MEASURE PASSIVATION QUALITY
valid_0557,MEASURE VIA CD,DEPOSIT BARRIER METAL,DRY WAFER,CLEAN AFTER VIA ETCH,DENSIFY OXIDE
valid_0558,DEVELOP PHOTORESIST,DEVELOP PAD WINDOW,POST EXPOSE BAKE,HARD BAKE,PRE ANNEAL CHECK
valid_0559,MEASURE VIA CD,DEPOSIT BARRIER METAL,DRY WAFER,MEASURE SURFACE UNIFORMITY,DENSIFY OXIDE
valid_0560,OPEN PAD WINDOW LITHO,PAD WINDOW LITHO,MEASURE PASSIVATION THICKNESS,MEASURE PASSIVATION QUALITY,FINAL LOT RELEASE
valid_0561,STRIP RESIST,STRIP PHOTORESIST,STRIP RESIST LEVEL 2,HARD BAKE,SPIN COAT PHOTORESIST
valid_0562,OPEN BOND PAD WINDOW,OPEN PAD WINDOW,BACKSIDE THINNING CHECK,CURE PASSIVATION,CLEAN AFTER METAL ETCH
valid_0563,CLEAN AFTER VIA ETCH,CLEAN AFTER FIELD ETCH,CLEAN AFTER ETCH,VIA ETCH,CLEAN AFTER POLY ETCH
valid_0564,OPEN BOND PAD WINDOW,OPEN PAD WINDOW,CLEAN AFTER METAL ETCH,CURE PASSIVATION,ANNEAL OXIDE
valid_0565,STRIP RESIST,STRIP PHOTORESIST,STRIP RESIST LEVEL 2,MEASURE LINE WIDTH,HARD BAKE
valid_0566,OPEN BOND PAD WINDOW,OPEN PAD WINDOW,CLEAN AFTER METAL ETCH,CURE PASSIVATION,ANNEAL OXIDE
valid_0567,MEASURE VIA CD,DEPOSIT BARRIER METAL,DRY WAFER,CLEAN AFTER VIA ETCH,STRIP RESIST
valid_0568,OPEN PAD WINDOW LITHO,PAD WINDOW LITHO,POST EXPOSE BAKE,DEPOSIT INTERLEVEL DIELECTRIC,METAL PATTERN INSPECTION
valid_0569,STRIP PHOTORESIST,STRIP RESIST,STRIP RESIST LEVEL 2,HARD BAKE,SPIN COAT PHOTORESIST
valid_0570,DEVELOP PHOTORESIST,DEVELOP PAD WINDOW,POST EXPOSE BAKE,PRE ANNEAL CHECK,HARD BAKE
valid_0571,STRIP PHOTORESIST,STRIP RESIST,STRIP RESIST LEVEL 2,HARD BAKE,SPIN COAT PHOTORESIST
valid_0572,OPEN BOND PAD WINDOW,OPEN PAD WINDOW,CURE PASSIVATION,MEASURE PASSIVATION QUALITY,MEASURE PASSIVATION THICKNESS
valid_0573,CLEAN AFTER VIA ETCH,CLEAN AFTER POLY ETCH,CLEAN AFTER ETCH,VIA OPENING INSPECTION,CLEAN PAD OPENING
valid_0574,OPEN BOND PAD WINDOW,OPEN PAD WINDOW,CURE PASSIVATION,MEASURE PASSIVATION QUALITY,ANNEAL OXIDE
valid_0575,MEASURE VIA CD,DEPOSIT BARRIER METAL,DRY WAFER,MEASURE SURFACE UNIFORMITY,CLEAN AFTER VIA ETCH
valid_0576,DEVELOP PHOTORESIST,DEVELOP PAD WINDOW,POST EXPOSE BAKE,HARD BAKE,PRE ANNEAL CHECK
valid_0577,CLEAN AFTER VIA ETCH,CLEAN AFTER ETCH,CLEAN AFTER FIELD ETCH,CLEAN AFTER METAL ETCH,DEPOSIT BARRIER METAL
valid_0578,DEVELOP PAD WINDOW,DEVELOP PHOTORESIST,POST EXPOSE BAKE,PRE ANNEAL CHECK,HARD BAKE
valid_0579,STRIP RESIST,STRIP PHOTORESIST,STRIP RESIST LEVEL 2,HARD BAKE,SPIN COAT PHOTORESIST
valid_0580,OPEN PAD WINDOW LITHO,PAD WINDOW LITHO,FINAL LOT RELEASE,MEASURE PASSIVATION THICKNESS,LOT RELEASE
valid_0581,CLEAN AFTER VIA ETCH,VIA ETCH,CLEAN AFTER POLY ETCH,DIELECTRIC ETCH VIA,CLEAN AFTER FIELD ETCH
valid_0582,OPEN PAD WINDOW LITHO,PAD WINDOW LITHO,MEASURE PASSIVATION THICKNESS,MEASURE PASSIVATION QUALITY,DEPOSIT INTERLEVEL DIELECTRIC
valid_0583,DIELECTRIC ETCH VIA,VIA ETCH THROUGH DIELECTRIC,VIA ETCH,HARD BAKE,OXIDE ETCH DRY
valid_0584,OPEN BOND PAD WINDOW,OPEN PAD WINDOW,ANNEAL OXIDE,DEVELOP PHOTORESIST,CURE PASSIVATION
valid_0585,STRIP RESIST,STRIP PHOTORESIST,STRIP RESIST LEVEL 2,HARD BAKE,SPIN COAT PHOTORESIST
valid_0586,OPEN PAD WINDOW LITHO,PAD WINDOW LITHO,MEASURE PASSIVATION THICKNESS,MEASURE PASSIVATION QUALITY,FILL VIA METAL
valid_0587,STRIP PHOTORESIST,STRIP RESIST,STRIP RESIST LEVEL 2,HARD BAKE,SPIN COAT PHOTORESIST
valid_0588,OPEN BOND PAD WINDOW,OPEN PAD WINDOW,BACKSIDE THINNING CHECK,CLEAN AFTER METAL ETCH,CURE PASSIVATION
valid_0589,DEVELOP PHOTORESIST,DEVELOP PAD WINDOW,POST EXPOSE BAKE,MEASURE OXIDE THICKNESS,SOFT BAKE
valid_0590,CURE PASSIVATION,CLEAN AFTER METAL ETCH,OPEN PAD WINDOW,EXPOSE LITHO LEVEL 4,IMPLANT CHANNEL STOP
valid_0591,STRIP PHOTORESIST,STRIP RESIST,STRIP RESIST LEVEL 2,HARD BAKE,SPIN COAT PHOTORESIST
valid_0592,OPEN BOND PAD WINDOW,OPEN PAD WINDOW,CLEAN AFTER METAL ETCH,CURE PASSIVATION,DEVELOP PHOTORESIST
valid_0593,STRIP PHOTORESIST,STRIP RESIST,STRIP RESIST LEVEL 2,HARD BAKE,SPIN COAT PHOTORESIST
valid_0594,OPEN PAD WINDOW LITHO,PAD WINDOW LITHO,MEASURE PASSIVATION THICKNESS,MEASURE PASSIVATION QUALITY,FINAL LOT RELEASE
valid_0595,CLEAN AFTER VIA ETCH,CLEAN AFTER METAL ETCH,CLEAN AFTER ETCH,CLEAN PAD OPENING,CLEAN AFTER POLY ETCH
valid_0596,DEVELOP PAD WINDOW,DEVELOP PHOTORESIST,POST EXPOSE BAKE,HARD BAKE,PRE ANNEAL CHECK
valid_0597,CLEAN AFTER VIA ETCH,CLEAN AFTER POLY ETCH,CLEAN AFTER METAL ETCH,CLEAN AFTER ETCH,CLEAN PAD OPENING
valid_0598,OPEN BOND PAD WINDOW,OPEN PAD WINDOW,CURE PASSIVATION,CLEAN AFTER METAL ETCH,BACKSIDE THINNING CHECK
valid_0599,CLEAN AFTER VIA ETCH,CLEAN AFTER METAL ETCH,CLEAN AFTER FIELD ETCH,CLEAN AFTER ETCH,CLEAN AFTER POLY ETCH
valid_0600,OPEN PAD WINDOW LITHO,PAD WINDOW LITHO,MEASURE PASSIVATION THICKNESS,MEASURE PASSIVATION QUALITY,POST EXPOSE BAKE
